label,name
1,00000.png
5,00001.png
1,00002.png
6,00003.png
3,00004.png
9,00005.png
7,00006.png
4,00007.png
5,00008.png
8,00009.png
0,00010.png
6,00011.png
0,00012.png
8,00013.png
7,00014.png
6,00015.png
4,00016.png
6,00017.png
2,00018.png
2,00019.png
1,00020.png
1,00021.png
6,00022.png
2,00023.png
1,00024.png
8,00025.png
5,00026.png
1,00027.png
5,00028.png
5,00029.png
0,00030.png
0,00031.png
0,00032.png
1,00033.png
3,00034.png
6,00035.png
7,00036.png
2,00037.png
1,00038.png
3,00039.png
1,00040.png
6,00041.png
1,00042.png
3,00043.png
7,00044.png
4,00045.png
3,00046.png
0,00047.png
6,00048.png
7,00049.png
6,00050.png
5,00051.png
8,00052.png
0,00053.png
6,00054.png
1,00055.png
3,00056.png
6,00057.png
8,00058.png
2,00059.png
2,00060.png
9,00061.png
9,00062.png
5,00063.png
1,00064.png
7,00065.png
8,00066.png
7,00067.png
8,00068.png
8,00069.png
9,00070.png
0,00071.png
5,00072.png
0,00073.png
2,00074.png
5,00075.png
5,00076.png
7,00077.png
8,00078.png
9,00079.png
5,00080.png
0,00081.png
8,00082.png
3,00083.png
2,00084.png
9,00085.png
6,00086.png
5,00087.png
8,00088.png
3,00089.png
7,00090.png
9,00091.png
6,00092.png
6,00093.png
6,00094.png
1,00095.png
0,00096.png
5,00097.png
0,00098.png
5,00099.png
2,00100.png
7,00101.png
1,00102.png
0,00103.png
0,00104.png
8,00105.png
0,00106.png
4,00107.png
2,00108.png
4,00109.png
3,00110.png
2,00111.png
4,00112.png
5,00113.png
1,00114.png
2,00115.png
4,00116.png
4,00117.png
9,00118.png
0,00119.png
5,00120.png
2,00121.png
5,00122.png
7,00123.png
0,00124.png
5,00125.png
3,00126.png
3,00127.png
6,00128.png
3,00129.png
6,00130.png
4,00131.png
8,00132.png
3,00133.png
1,00134.png
3,00135.png
7,00136.png
4,00137.png
6,00138.png
0,00139.png
9,00140.png
5,00141.png
2,00142.png
9,00143.png
2,00144.png
8,00145.png
8,00146.png
6,00147.png
1,00148.png
9,00149.png
8,00150.png
2,00151.png
0,00152.png
1,00153.png
2,00154.png
7,00155.png
5,00156.png
7,00157.png
8,00158.png
7,00159.png
2,00160.png
2,00161.png
7,00162.png
8,00163.png
8,00164.png
9,00165.png
2,00166.png
7,00167.png
4,00168.png
3,00169.png
5,00170.png
6,00171.png
7,00172.png
1,00173.png
6,00174.png
9,00175.png
1,00176.png
9,00177.png
2,00178.png
7,00179.png
9,00180.png
4,00181.png
1,00182.png
0,00183.png
4,00184.png
4,00185.png
2,00186.png
4,00187.png
4,00188.png
6,00189.png
7,00190.png
3,00191.png
3,00192.png
1,00193.png
3,00194.png
5,00195.png
4,00196.png
2,00197.png
0,00198.png
7,00199.png
0,00200.png
4,00201.png
7,00202.png
0,00203.png
7,00204.png
9,00205.png
0,00206.png
7,00207.png
1,00208.png
4,00209.png
2,00210.png
7,00211.png
6,00212.png
8,00213.png
5,00214.png
5,00215.png
2,00216.png
6,00217.png
9,00218.png
7,00219.png
5,00220.png
5,00221.png
9,00222.png
1,00223.png
4,00224.png
8,00225.png
8,00226.png
5,00227.png
5,00228.png
6,00229.png
9,00230.png
3,00231.png
4,00232.png
4,00233.png
2,00234.png
5,00235.png
0,00236.png
4,00237.png
6,00238.png
1,00239.png
7,00240.png
0,00241.png
3,00242.png
8,00243.png
1,00244.png
2,00245.png
0,00246.png
8,00247.png
5,00248.png
1,00249.png
7,00250.png
4,00251.png
9,00252.png
9,00253.png
4,00254.png
1,00255.png
1,00256.png
0,00257.png
4,00258.png
2,00259.png
8,00260.png
9,00261.png
0,00262.png
7,00263.png
6,00264.png
4,00265.png
8,00266.png
8,00267.png
7,00268.png
4,00269.png
5,00270.png
6,00271.png
4,00272.png
8,00273.png
8,00274.png
6,00275.png
5,00276.png
1,00277.png
4,00278.png
7,00279.png
3,00280.png
1,00281.png
7,00282.png
7,00283.png
4,00284.png
7,00285.png
2,00286.png
2,00287.png
4,00288.png
1,00289.png
3,00290.png
6,00291.png
1,00292.png
4,00293.png
6,00294.png
7,00295.png
0,00296.png
4,00297.png
5,00298.png
8,00299.png
0,00300.png
2,00301.png
3,00302.png
2,00303.png
2,00304.png
5,00305.png
9,00306.png
2,00307.png
6,00308.png
3,00309.png
1,00310.png
8,00311.png
7,00312.png
5,00313.png
8,00314.png
5,00315.png
5,00316.png
5,00317.png
6,00318.png
9,00319.png
8,00320.png
1,00321.png
5,00322.png
4,00323.png
0,00324.png
3,00325.png
3,00326.png
3,00327.png
0,00328.png
5,00329.png
0,00330.png
9,00331.png
2,00332.png
0,00333.png
6,00334.png
1,00335.png
2,00336.png
4,00337.png
7,00338.png
1,00339.png
0,00340.png
8,00341.png
8,00342.png
0,00343.png
0,00344.png
3,00345.png
8,00346.png
3,00347.png
0,00348.png
3,00349.png
8,00350.png
2,00351.png
6,00352.png
7,00353.png
0,00354.png
8,00355.png
8,00356.png
6,00357.png
6,00358.png
4,00359.png
6,00360.png
9,00361.png
4,00362.png
7,00363.png
8,00364.png
5,00365.png
5,00366.png
7,00367.png
0,00368.png
1,00369.png
8,00370.png
8,00371.png
1,00372.png
1,00373.png
2,00374.png
8,00375.png
4,00376.png
3,00377.png
5,00378.png
7,00379.png
1,00380.png
9,00381.png
4,00382.png
5,00383.png
1,00384.png
6,00385.png
6,00386.png
6,00387.png
4,00388.png
7,00389.png
6,00390.png
0,00391.png
8,00392.png
5,00393.png
4,00394.png
8,00395.png
9,00396.png
0,00397.png
2,00398.png
6,00399.png
2,00400.png
7,00401.png
4,00402.png
9,00403.png
7,00404.png
6,00405.png
3,00406.png
5,00407.png
0,00408.png
5,00409.png
4,00410.png
7,00411.png
0,00412.png
7,00413.png
9,00414.png
6,00415.png
1,00416.png
8,00417.png
2,00418.png
2,00419.png
2,00420.png
1,00421.png
0,00422.png
9,00423.png
5,00424.png
1,00425.png
9,00426.png
2,00427.png
7,00428.png
2,00429.png
0,00430.png
9,00431.png
1,00432.png
6,00433.png
4,00434.png
5,00435.png
5,00436.png
0,00437.png
6,00438.png
2,00439.png
7,00440.png
2,00441.png
3,00442.png
2,00443.png
0,00444.png
5,00445.png
8,00446.png
7,00447.png
8,00448.png
8,00449.png
5,00450.png
5,00451.png
5,00452.png
8,00453.png
7,00454.png
3,00455.png
9,00456.png
1,00457.png
9,00458.png
1,00459.png
0,00460.png
6,00461.png
3,00462.png
6,00463.png
1,00464.png
6,00465.png
0,00466.png
5,00467.png
2,00468.png
7,00469.png
7,00470.png
1,00471.png
8,00472.png
6,00473.png
7,00474.png
6,00475.png
3,00476.png
7,00477.png
0,00478.png
9,00479.png
1,00480.png
8,00481.png
5,00482.png
8,00483.png
8,00484.png
9,00485.png
4,00486.png
0,00487.png
9,00488.png
1,00489.png
5,00490.png
2,00491.png
4,00492.png
3,00493.png
7,00494.png
5,00495.png
1,00496.png
6,00497.png
2,00498.png
4,00499.png
5,00500.png
8,00501.png
2,00502.png
2,00503.png
9,00504.png
3,00505.png
3,00506.png
7,00507.png
5,00508.png
2,00509.png
3,00510.png
8,00511.png
2,00512.png
2,00513.png
9,00514.png
9,00515.png
0,00516.png
3,00517.png
9,00518.png
9,00519.png
5,00520.png
2,00521.png
0,00522.png
5,00523.png
1,00524.png
9,00525.png
5,00526.png
3,00527.png
6,00528.png
3,00529.png
8,00530.png
1,00531.png
3,00532.png
8,00533.png
4,00534.png
5,00535.png
8,00536.png
8,00537.png
6,00538.png
9,00539.png
7,00540.png
1,00541.png
9,00542.png
2,00543.png
4,00544.png
1,00545.png
1,00546.png
6,00547.png
2,00548.png
6,00549.png
7,00550.png
6,00551.png
7,00552.png
0,00553.png
1,00554.png
1,00555.png
4,00556.png
1,00557.png
0,00558.png
9,00559.png
8,00560.png
7,00561.png
0,00562.png
2,00563.png
2,00564.png
9,00565.png
7,00566.png
1,00567.png
1,00568.png
5,00569.png
6,00570.png
9,00571.png
5,00572.png
9,00573.png
0,00574.png
9,00575.png
2,00576.png
0,00577.png
4,00578.png
0,00579.png
5,00580.png
2,00581.png
7,00582.png
3,00583.png
3,00584.png
0,00585.png
8,00586.png
8,00587.png
3,00588.png
6,00589.png
0,00590.png
2,00591.png
0,00592.png
7,00593.png
3,00594.png
2,00595.png
1,00596.png
3,00597.png
2,00598.png
3,00599.png
8,00600.png
5,00601.png
6,00602.png
6,00603.png
5,00604.png
6,00605.png
0,00606.png
8,00607.png
4,00608.png
9,00609.png
2,00610.png
8,00611.png
9,00612.png
9,00613.png
1,00614.png
0,00615.png
1,00616.png
5,00617.png
5,00618.png
4,00619.png
4,00620.png
3,00621.png
0,00622.png
4,00623.png
5,00624.png
6,00625.png
4,00626.png
2,00627.png
1,00628.png
2,00629.png
9,00630.png
0,00631.png
6,00632.png
7,00633.png
7,00634.png
5,00635.png
1,00636.png
2,00637.png
3,00638.png
6,00639.png
1,00640.png
1,00641.png
6,00642.png
0,00643.png
9,00644.png
4,00645.png
0,00646.png
9,00647.png
2,00648.png
1,00649.png
1,00650.png
0,00651.png
8,00652.png
6,00653.png
9,00654.png
5,00655.png
1,00656.png
3,00657.png
4,00658.png
4,00659.png
9,00660.png
1,00661.png
9,00662.png
3,00663.png
1,00664.png
3,00665.png
8,00666.png
2,00667.png
9,00668.png
5,00669.png
3,00670.png
8,00671.png
7,00672.png
2,00673.png
8,00674.png
2,00675.png
0,00676.png
6,00677.png
6,00678.png
3,00679.png
4,00680.png
1,00681.png
2,00682.png
7,00683.png
3,00684.png
7,00685.png
0,00686.png
2,00687.png
9,00688.png
0,00689.png
5,00690.png
5,00691.png
6,00692.png
8,00693.png
0,00694.png
0,00695.png
1,00696.png
1,00697.png
7,00698.png
4,00699.png
9,00700.png
6,00701.png
7,00702.png
4,00703.png
9,00704.png
9,00705.png
2,00706.png
7,00707.png
0,00708.png
5,00709.png
4,00710.png
0,00711.png
2,00712.png
7,00713.png
9,00714.png
5,00715.png
4,00716.png
4,00717.png
8,00718.png
0,00719.png
5,00720.png
6,00721.png
4,00722.png
8,00723.png
1,00724.png
2,00725.png
0,00726.png
9,00727.png
3,00728.png
1,00729.png
0,00730.png
8,00731.png
2,00732.png
0,00733.png
7,00734.png
4,00735.png
0,00736.png
4,00737.png
6,00738.png
3,00739.png
0,00740.png
3,00741.png
4,00742.png
6,00743.png
0,00744.png
7,00745.png
5,00746.png
5,00747.png
0,00748.png
5,00749.png
2,00750.png
8,00751.png
6,00752.png
1,00753.png
8,00754.png
5,00755.png
7,00756.png
3,00757.png
1,00758.png
3,00759.png
9,00760.png
6,00761.png
1,00762.png
7,00763.png
7,00764.png
4,00765.png
1,00766.png
2,00767.png
0,00768.png
7,00769.png
2,00770.png
7,00771.png
2,00772.png
7,00773.png
7,00774.png
5,00775.png
1,00776.png
3,00777.png
9,00778.png
0,00779.png
1,00780.png
0,00781.png
7,00782.png
3,00783.png
9,00784.png
1,00785.png
2,00786.png
2,00787.png
4,00788.png
9,00789.png
8,00790.png
9,00791.png
4,00792.png
6,00793.png
3,00794.png
9,00795.png
5,00796.png
4,00797.png
3,00798.png
2,00799.png
1,00800.png
7,00801.png
3,00802.png
2,00803.png
3,00804.png
7,00805.png
1,00806.png
8,00807.png
3,00808.png
9,00809.png
3,00810.png
9,00811.png
8,00812.png
8,00813.png
0,00814.png
7,00815.png
7,00816.png
1,00817.png
2,00818.png
2,00819.png
7,00820.png
9,00821.png
8,00822.png
5,00823.png
9,00824.png
0,00825.png
1,00826.png
2,00827.png
5,00828.png
6,00829.png
3,00830.png
2,00831.png
3,00832.png
3,00833.png
5,00834.png
1,00835.png
2,00836.png
6,00837.png
1,00838.png
7,00839.png
8,00840.png
7,00841.png
4,00842.png
8,00843.png
6,00844.png
6,00845.png
3,00846.png
2,00847.png
2,00848.png
5,00849.png
3,00850.png
8,00851.png
3,00852.png
5,00853.png
9,00854.png
7,00855.png
1,00856.png
8,00857.png
0,00858.png
3,00859.png
6,00860.png
8,00861.png
6,00862.png
7,00863.png
9,00864.png
1,00865.png
5,00866.png
5,00867.png
5,00868.png
7,00869.png
6,00870.png
1,00871.png
1,00872.png
6,00873.png
7,00874.png
1,00875.png
6,00876.png
1,00877.png
5,00878.png
2,00879.png
7,00880.png
5,00881.png
8,00882.png
8,00883.png
9,00884.png
0,00885.png
1,00886.png
3,00887.png
5,00888.png
7,00889.png
8,00890.png
2,00891.png
5,00892.png
3,00893.png
0,00894.png
6,00895.png
3,00896.png
8,00897.png
1,00898.png
1,00899.png
5,00900.png
1,00901.png
3,00902.png
4,00903.png
3,00904.png
5,00905.png
2,00906.png
5,00907.png
4,00908.png
8,00909.png
2,00910.png
0,00911.png
1,00912.png
1,00913.png
6,00914.png
9,00915.png
1,00916.png
8,00917.png
6,00918.png
9,00919.png
2,00920.png
3,00921.png
3,00922.png
9,00923.png
8,00924.png
1,00925.png
8,00926.png
6,00927.png
5,00928.png
1,00929.png
5,00930.png
9,00931.png
2,00932.png
0,00933.png
0,00934.png
6,00935.png
5,00936.png
7,00937.png
0,00938.png
9,00939.png
9,00940.png
4,00941.png
6,00942.png
6,00943.png
9,00944.png
1,00945.png
8,00946.png
7,00947.png
8,00948.png
8,00949.png
6,00950.png
2,00951.png
3,00952.png
1,00953.png
3,00954.png
4,00955.png
3,00956.png
8,00957.png
9,00958.png
7,00959.png
2,00960.png
3,00961.png
1,00962.png
0,00963.png
5,00964.png
4,00965.png
5,00966.png
3,00967.png
4,00968.png
9,00969.png
3,00970.png
6,00971.png
6,00972.png
6,00973.png
8,00974.png
0,00975.png
3,00976.png
5,00977.png
7,00978.png
8,00979.png
0,00980.png
7,00981.png
5,00982.png
8,00983.png
4,00984.png
4,00985.png
5,00986.png
5,00987.png
9,00988.png
7,00989.png
7,00990.png
7,00991.png
9,00992.png
2,00993.png
2,00994.png
1,00995.png
7,00996.png
0,00997.png
0,00998.png
0,00999.png
2,01000.png
3,01001.png
1,01002.png
1,01003.png
1,01004.png
9,01005.png
0,01006.png
9,01007.png
3,01008.png
2,01009.png
7,01010.png
7,01011.png
0,01012.png
9,01013.png
8,01014.png
5,01015.png
9,01016.png
7,01017.png
1,01018.png
5,01019.png
3,01020.png
4,01021.png
9,01022.png
6,01023.png
5,01024.png
8,01025.png
1,01026.png
2,01027.png
3,01028.png
9,01029.png
0,01030.png
1,01031.png
7,01032.png
1,01033.png
3,01034.png
9,01035.png
6,01036.png
0,01037.png
1,01038.png
0,01039.png
1,01040.png
9,01041.png
4,01042.png
3,01043.png
2,01044.png
8,01045.png
2,01046.png
1,01047.png
5,01048.png
9,01049.png
3,01050.png
6,01051.png
1,01052.png
2,01053.png
1,01054.png
0,01055.png
0,01056.png
3,01057.png
6,01058.png
3,01059.png
4,01060.png
1,01061.png
5,01062.png
3,01063.png
9,01064.png
8,01065.png
2,01066.png
9,01067.png
2,01068.png
9,01069.png
9,01070.png
1,01071.png
9,01072.png
1,01073.png
2,01074.png
7,01075.png
4,01076.png
3,01077.png
3,01078.png
2,01079.png
9,01080.png
2,01081.png
5,01082.png
9,01083.png
3,01084.png
7,01085.png
4,01086.png
1,01087.png
1,01088.png
0,01089.png
0,01090.png
7,01091.png
5,01092.png
7,01093.png
5,01094.png
3,01095.png
6,01096.png
9,01097.png
6,01098.png
8,01099.png
3,01100.png
3,01101.png
6,01102.png
5,01103.png
1,01104.png
3,01105.png
0,01106.png
5,01107.png
2,01108.png
4,01109.png
4,01110.png
7,01111.png
4,01112.png
2,01113.png
6,01114.png
4,01115.png
8,01116.png
0,01117.png
2,01118.png
3,01119.png
1,01120.png
7,01121.png
4,01122.png
6,01123.png
0,01124.png
3,01125.png
8,01126.png
8,01127.png
6,01128.png
6,01129.png
2,01130.png
0,01131.png
9,01132.png
5,01133.png
1,01134.png
6,01135.png
0,01136.png
3,01137.png
7,01138.png
9,01139.png
5,01140.png
7,01141.png
6,01142.png
2,01143.png
6,01144.png
7,01145.png
3,01146.png
2,01147.png
8,01148.png
5,01149.png
9,01150.png
8,01151.png
0,01152.png
0,01153.png
3,01154.png
5,01155.png
3,01156.png
8,01157.png
2,01158.png
9,01159.png
3,01160.png
8,01161.png
1,01162.png
3,01163.png
6,01164.png
9,01165.png
1,01166.png
8,01167.png
2,01168.png
8,01169.png
0,01170.png
7,01171.png
8,01172.png
3,01173.png
9,01174.png
1,01175.png
4,01176.png
6,01177.png
3,01178.png
1,01179.png
9,01180.png
6,01181.png
0,01182.png
7,01183.png
2,01184.png
9,01185.png
8,01186.png
6,01187.png
1,01188.png
8,01189.png
8,01190.png
8,01191.png
4,01192.png
3,01193.png
1,01194.png
9,01195.png
8,01196.png
1,01197.png
6,01198.png
3,01199.png
3,01200.png
3,01201.png
8,01202.png
7,01203.png
6,01204.png
5,01205.png
8,01206.png
4,01207.png
9,01208.png
6,01209.png
2,01210.png
7,01211.png
4,01212.png
0,01213.png
8,01214.png
0,01215.png
5,01216.png
6,01217.png
5,01218.png
1,01219.png
5,01220.png
0,01221.png
0,01222.png
4,01223.png
7,01224.png
9,01225.png
4,01226.png
1,01227.png
2,01228.png
6,01229.png
4,01230.png
2,01231.png
1,01232.png
3,01233.png
9,01234.png
5,01235.png
1,01236.png
0,01237.png
3,01238.png
7,01239.png
7,01240.png
6,01241.png
1,01242.png
9,01243.png
3,01244.png
3,01245.png
1,01246.png
6,01247.png
6,01248.png
4,01249.png
5,01250.png
7,01251.png
7,01252.png
8,01253.png
9,01254.png
5,01255.png
9,01256.png
3,01257.png
5,01258.png
7,01259.png
9,01260.png
8,01261.png
8,01262.png
0,01263.png
2,01264.png
4,01265.png
3,01266.png
0,01267.png
8,01268.png
3,01269.png
5,01270.png
5,01271.png
5,01272.png
1,01273.png
6,01274.png
7,01275.png
6,01276.png
3,01277.png
0,01278.png
7,01279.png
8,01280.png
0,01281.png
6,01282.png
8,01283.png
6,01284.png
2,01285.png
4,01286.png
3,01287.png
4,01288.png
1,01289.png
7,01290.png
3,01291.png
6,01292.png
8,01293.png
4,01294.png
7,01295.png
4,01296.png
0,01297.png
9,01298.png
2,01299.png
1,01300.png
6,01301.png
4,01302.png
9,01303.png
2,01304.png
1,01305.png
8,01306.png
0,01307.png
1,01308.png
6,01309.png
4,01310.png
7,01311.png
6,01312.png
6,01313.png
5,01314.png
2,01315.png
1,01316.png
8,01317.png
9,01318.png
2,01319.png
2,01320.png
8,01321.png
9,01322.png
5,01323.png
6,01324.png
9,01325.png
2,01326.png
8,01327.png
3,01328.png
3,01329.png
4,01330.png
4,01331.png
0,01332.png
8,01333.png
6,01334.png
8,01335.png
8,01336.png
7,01337.png
3,01338.png
3,01339.png
8,01340.png
2,01341.png
4,01342.png
1,01343.png
8,01344.png
4,01345.png
8,01346.png
6,01347.png
2,01348.png
7,01349.png
1,01350.png
8,01351.png
5,01352.png
1,01353.png
1,01354.png
3,01355.png
7,01356.png
3,01357.png
1,01358.png
1,01359.png
5,01360.png
8,01361.png
6,01362.png
8,01363.png
3,01364.png
7,01365.png
4,01366.png
6,01367.png
8,01368.png
3,01369.png
5,01370.png
2,01371.png
4,01372.png
9,01373.png
3,01374.png
5,01375.png
6,01376.png
6,01377.png
8,01378.png
9,01379.png
5,01380.png
4,01381.png
0,01382.png
9,01383.png
4,01384.png
0,01385.png
5,01386.png
4,01387.png
7,01388.png
5,01389.png
4,01390.png
1,01391.png
5,01392.png
7,01393.png
7,01394.png
4,01395.png
5,01396.png
7,01397.png
6,01398.png
2,01399.png
2,01400.png
5,01401.png
6,01402.png
0,01403.png
9,01404.png
4,01405.png
5,01406.png
0,01407.png
5,01408.png
6,01409.png
5,01410.png
0,01411.png
0,01412.png
7,01413.png
4,01414.png
5,01415.png
8,01416.png
6,01417.png
6,01418.png
2,01419.png
1,01420.png
5,01421.png
4,01422.png
8,01423.png
7,01424.png
6,01425.png
5,01426.png
1,01427.png
9,01428.png
7,01429.png
9,01430.png
8,01431.png
5,01432.png
6,01433.png
6,01434.png
7,01435.png
2,01436.png
2,01437.png
7,01438.png
6,01439.png
7,01440.png
9,01441.png
6,01442.png
9,01443.png
0,01444.png
1,01445.png
3,01446.png
5,01447.png
9,01448.png
0,01449.png
4,01450.png
0,01451.png
0,01452.png
8,01453.png
2,01454.png
5,01455.png
0,01456.png
2,01457.png
8,01458.png
1,01459.png
5,01460.png
3,01461.png
3,01462.png
7,01463.png
3,01464.png
1,01465.png
8,01466.png
7,01467.png
4,01468.png
8,01469.png
4,01470.png
9,01471.png
5,01472.png
4,01473.png
1,01474.png
0,01475.png
9,01476.png
0,01477.png
4,01478.png
4,01479.png
9,01480.png
8,01481.png
5,01482.png
8,01483.png
0,01484.png
1,01485.png
7,01486.png
4,01487.png
7,01488.png
7,01489.png
0,01490.png
7,01491.png
9,01492.png
7,01493.png
7,01494.png
6,01495.png
8,01496.png
5,01497.png
6,01498.png
2,01499.png
1,01500.png
5,01501.png
3,01502.png
7,01503.png
9,01504.png
7,01505.png
5,01506.png
9,01507.png
8,01508.png
6,01509.png
3,01510.png
4,01511.png
9,01512.png
9,01513.png
6,01514.png
8,01515.png
2,01516.png
3,01517.png
6,01518.png
2,01519.png
1,01520.png
6,01521.png
8,01522.png
0,01523.png
7,01524.png
5,01525.png
7,01526.png
5,01527.png
1,01528.png
7,01529.png
1,01530.png
9,01531.png
4,01532.png
7,01533.png
2,01534.png
5,01535.png
7,01536.png
6,01537.png
4,01538.png
9,01539.png
6,01540.png
8,01541.png
1,01542.png
7,01543.png
7,01544.png
1,01545.png
8,01546.png
5,01547.png
5,01548.png
4,01549.png
8,01550.png
2,01551.png
3,01552.png
0,01553.png
4,01554.png
9,01555.png
6,01556.png
4,01557.png
7,01558.png
9,01559.png
9,01560.png
1,01561.png
9,01562.png
6,01563.png
0,01564.png
5,01565.png
6,01566.png
5,01567.png
5,01568.png
7,01569.png
4,01570.png
1,01571.png
5,01572.png
3,01573.png
5,01574.png
4,01575.png
0,01576.png
1,01577.png
8,01578.png
3,01579.png
5,01580.png
0,01581.png
9,01582.png
0,01583.png
8,01584.png
0,01585.png
6,01586.png
7,01587.png
0,01588.png
7,01589.png
2,01590.png
5,01591.png
8,01592.png
2,01593.png
4,01594.png
7,01595.png
9,01596.png
7,01597.png
5,01598.png
2,01599.png
8,01600.png
8,01601.png
8,01602.png
8,01603.png
9,01604.png
7,01605.png
4,01606.png
2,01607.png
0,01608.png
0,01609.png
9,01610.png
2,01611.png
9,01612.png
0,01613.png
6,01614.png
2,01615.png
1,01616.png
3,01617.png
2,01618.png
3,01619.png
0,01620.png
7,01621.png
8,01622.png
0,01623.png
3,01624.png
1,01625.png
6,01626.png
0,01627.png
6,01628.png
4,01629.png
5,01630.png
7,01631.png
2,01632.png
3,01633.png
9,01634.png
5,01635.png
3,01636.png
3,01637.png
0,01638.png
2,01639.png
9,01640.png
0,01641.png
2,01642.png
7,01643.png
8,01644.png
4,01645.png
8,01646.png
6,01647.png
6,01648.png
9,01649.png
3,01650.png
6,01651.png
5,01652.png
0,01653.png
3,01654.png
5,01655.png
1,01656.png
9,01657.png
8,01658.png
5,01659.png
3,01660.png
0,01661.png
7,01662.png
6,01663.png
3,01664.png
9,01665.png
5,01666.png
5,01667.png
3,01668.png
3,01669.png
6,01670.png
0,01671.png
1,01672.png
9,01673.png
5,01674.png
3,01675.png
9,01676.png
5,01677.png
5,01678.png
0,01679.png
1,01680.png
9,01681.png
4,01682.png
2,01683.png
1,01684.png
3,01685.png
4,01686.png
5,01687.png
4,01688.png
5,01689.png
5,01690.png
7,01691.png
6,01692.png
4,01693.png
8,01694.png
3,01695.png
4,01696.png
4,01697.png
4,01698.png
1,01699.png
4,01700.png
6,01701.png
5,01702.png
5,01703.png
9,01704.png
8,01705.png
2,01706.png
3,01707.png
4,01708.png
3,01709.png
6,01710.png
6,01711.png
7,01712.png
0,01713.png
7,01714.png
5,01715.png
1,01716.png
7,01717.png
1,01718.png
7,01719.png
8,01720.png
8,01721.png
2,01722.png
8,01723.png
3,01724.png
3,01725.png
7,01726.png
4,01727.png
5,01728.png
2,01729.png
6,01730.png
0,01731.png
3,01732.png
7,01733.png
2,01734.png
6,01735.png
0,01736.png
6,01737.png
1,01738.png
9,01739.png
9,01740.png
3,01741.png
2,01742.png
6,01743.png
3,01744.png
1,01745.png
5,01746.png
4,01747.png
2,01748.png
4,01749.png
4,01750.png
9,01751.png
4,01752.png
7,01753.png
0,01754.png
4,01755.png
4,01756.png
3,01757.png
1,01758.png
2,01759.png
7,01760.png
5,01761.png
4,01762.png
7,01763.png
5,01764.png
7,01765.png
0,01766.png
0,01767.png
8,01768.png
6,01769.png
9,01770.png
1,01771.png
9,01772.png
6,01773.png
3,01774.png
3,01775.png
9,01776.png
1,01777.png
6,01778.png
0,01779.png
8,01780.png
5,01781.png
8,01782.png
7,01783.png
6,01784.png
0,01785.png
2,01786.png
4,01787.png
1,01788.png
1,01789.png
9,01790.png
8,01791.png
5,01792.png
6,01793.png
2,01794.png
8,01795.png
4,01796.png
7,01797.png
3,01798.png
4,01799.png
3,01800.png
1,01801.png
8,01802.png
6,01803.png
7,01804.png
0,01805.png
6,01806.png
5,01807.png
9,01808.png
0,01809.png
6,01810.png
7,01811.png
6,01812.png
7,01813.png
7,01814.png
7,01815.png
4,01816.png
3,01817.png
9,01818.png
1,01819.png
0,01820.png
9,01821.png
5,01822.png
4,01823.png
0,01824.png
5,01825.png
4,01826.png
2,01827.png
1,01828.png
7,01829.png
1,01830.png
9,01831.png
5,01832.png
2,01833.png
7,01834.png
5,01835.png
1,01836.png
1,01837.png
7,01838.png
4,01839.png
4,01840.png
0,01841.png
4,01842.png
2,01843.png
4,01844.png
0,01845.png
8,01846.png
9,01847.png
6,01848.png
2,01849.png
5,01850.png
8,01851.png
8,01852.png
1,01853.png
9,01854.png
2,01855.png
8,01856.png
7,01857.png
4,01858.png
1,01859.png
7,01860.png
5,01861.png
8,01862.png
5,01863.png
3,01864.png
6,01865.png
5,01866.png
4,01867.png
9,01868.png
0,01869.png
3,01870.png
4,01871.png
6,01872.png
9,01873.png
5,01874.png
0,01875.png
3,01876.png
9,01877.png
1,01878.png
8,01879.png
0,01880.png
1,01881.png
3,01882.png
5,01883.png
0,01884.png
2,01885.png
1,01886.png
7,01887.png
8,01888.png
5,01889.png
3,01890.png
0,01891.png
7,01892.png
2,01893.png
0,01894.png
1,01895.png
3,01896.png
8,01897.png
6,01898.png
9,01899.png
7,01900.png
6,01901.png
6,01902.png
7,01903.png
4,01904.png
9,01905.png
3,01906.png
5,01907.png
2,01908.png
7,01909.png
2,01910.png
7,01911.png
0,01912.png
9,01913.png
7,01914.png
9,01915.png
2,01916.png
3,01917.png
8,01918.png
3,01919.png
0,01920.png
5,01921.png
0,01922.png
3,01923.png
3,01924.png
3,01925.png
0,01926.png
3,01927.png
5,01928.png
8,01929.png
4,01930.png
7,01931.png
2,01932.png
6,01933.png
3,01934.png
6,01935.png
9,01936.png
1,01937.png
9,01938.png
0,01939.png
1,01940.png
3,01941.png
7,01942.png
2,01943.png
5,01944.png
7,01945.png
2,01946.png
9,01947.png
5,01948.png
4,01949.png
1,01950.png
3,01951.png
4,01952.png
9,01953.png
3,01954.png
3,01955.png
6,01956.png
3,01957.png
4,01958.png
4,01959.png
3,01960.png
4,01961.png
9,01962.png
0,01963.png
6,01964.png
4,01965.png
6,01966.png
8,01967.png
7,01968.png
8,01969.png
8,01970.png
3,01971.png
6,01972.png
7,01973.png
3,01974.png
3,01975.png
3,01976.png
3,01977.png
0,01978.png
6,01979.png
7,01980.png
8,01981.png
7,01982.png
4,01983.png
1,01984.png
3,01985.png
3,01986.png
9,01987.png
3,01988.png
9,01989.png
5,01990.png
4,01991.png
2,01992.png
6,01993.png
0,01994.png
0,01995.png
4,01996.png
4,01997.png
0,01998.png
1,01999.png
0,02000.png
2,02001.png
9,02002.png
6,02003.png
8,02004.png
8,02005.png
5,02006.png
1,02007.png
9,02008.png
3,02009.png
3,02010.png
9,02011.png
5,02012.png
1,02013.png
7,02014.png
0,02015.png
3,02016.png
1,02017.png
3,02018.png
7,02019.png
1,02020.png
8,02021.png
5,02022.png
9,02023.png
5,02024.png
2,02025.png
0,02026.png
3,02027.png
1,02028.png
2,02029.png
7,02030.png
1,02031.png
7,02032.png
0,02033.png
6,02034.png
2,02035.png
8,02036.png
4,02037.png
0,02038.png
4,02039.png
0,02040.png
2,02041.png
3,02042.png
2,02043.png
8,02044.png
7,02045.png
4,02046.png
0,02047.png
2,02048.png
2,02049.png
1,02050.png
2,02051.png
2,02052.png
3,02053.png
0,02054.png
3,02055.png
0,02056.png
6,02057.png
5,02058.png
9,02059.png
4,02060.png
9,02061.png
5,02062.png
7,02063.png
4,02064.png
5,02065.png
1,02066.png
5,02067.png
2,02068.png
8,02069.png
9,02070.png
0,02071.png
4,02072.png
3,02073.png
2,02074.png
4,02075.png
0,02076.png
2,02077.png
8,02078.png
0,02079.png
9,02080.png
8,02081.png
7,02082.png
6,02083.png
9,02084.png
2,02085.png
9,02086.png
2,02087.png
6,02088.png
7,02089.png
8,02090.png
7,02091.png
6,02092.png
9,02093.png
0,02094.png
3,02095.png
4,02096.png
9,02097.png
4,02098.png
9,02099.png
0,02100.png
0,02101.png
3,02102.png
3,02103.png
6,02104.png
5,02105.png
2,02106.png
9,02107.png
4,02108.png
5,02109.png
2,02110.png
5,02111.png
5,02112.png
0,02113.png
4,02114.png
4,02115.png
4,02116.png
6,02117.png
2,02118.png
0,02119.png
8,02120.png
7,02121.png
6,02122.png
6,02123.png
2,02124.png
4,02125.png
1,02126.png
5,02127.png
6,02128.png
2,02129.png
6,02130.png
4,02131.png
0,02132.png
2,02133.png
9,02134.png
0,02135.png
7,02136.png
4,02137.png
3,02138.png
6,02139.png
0,02140.png
3,02141.png
7,02142.png
7,02143.png
7,02144.png
9,02145.png
7,02146.png
8,02147.png
1,02148.png
2,02149.png
3,02150.png
8,02151.png
4,02152.png
3,02153.png
5,02154.png
0,02155.png
9,02156.png
2,02157.png
2,02158.png
8,02159.png
4,02160.png
0,02161.png
6,02162.png
1,02163.png
2,02164.png
2,02165.png
0,02166.png
9,02167.png
7,02168.png
4,02169.png
9,02170.png
8,02171.png
3,02172.png
1,02173.png
3,02174.png
8,02175.png
6,02176.png
6,02177.png
4,02178.png
4,02179.png
4,02180.png
6,02181.png
3,02182.png
5,02183.png
1,02184.png
4,02185.png
3,02186.png
6,02187.png
4,02188.png
1,02189.png
7,02190.png
0,02191.png
2,02192.png
4,02193.png
4,02194.png
4,02195.png
0,02196.png
9,02197.png
6,02198.png
0,02199.png
0,02200.png
8,02201.png
2,02202.png
8,02203.png
4,02204.png
3,02205.png
9,02206.png
5,02207.png
2,02208.png
9,02209.png
7,02210.png
9,02211.png
4,02212.png
3,02213.png
4,02214.png
0,02215.png
2,02216.png
4,02217.png
3,02218.png
6,02219.png
2,02220.png
5,02221.png
7,02222.png
4,02223.png
1,02224.png
9,02225.png
8,02226.png
9,02227.png
5,02228.png
3,02229.png
5,02230.png
9,02231.png
2,02232.png
9,02233.png
1,02234.png
5,02235.png
5,02236.png
0,02237.png
2,02238.png
1,02239.png
4,02240.png
6,02241.png
4,02242.png
4,02243.png
9,02244.png
0,02245.png
0,02246.png
9,02247.png
9,02248.png
9,02249.png
3,02250.png
6,02251.png
0,02252.png
9,02253.png
1,02254.png
7,02255.png
8,02256.png
8,02257.png
6,02258.png
9,02259.png
2,02260.png
3,02261.png
7,02262.png
8,02263.png
8,02264.png
1,02265.png
4,02266.png
3,02267.png
4,02268.png
4,02269.png
9,02270.png
2,02271.png
8,02272.png
3,02273.png
5,02274.png
7,02275.png
0,02276.png
6,02277.png
5,02278.png
2,02279.png
2,02280.png
0,02281.png
8,02282.png
6,02283.png
1,02284.png
4,02285.png
6,02286.png
8,02287.png
2,02288.png
7,02289.png
6,02290.png
3,02291.png
2,02292.png
4,02293.png
6,02294.png
4,02295.png
0,02296.png
7,02297.png
8,02298.png
9,02299.png
4,02300.png
6,02301.png
0,02302.png
1,02303.png
7,02304.png
5,02305.png
8,02306.png
1,02307.png
7,02308.png
5,02309.png
3,02310.png
9,02311.png
2,02312.png
2,02313.png
4,02314.png
2,02315.png
3,02316.png
1,02317.png
7,02318.png
2,02319.png
6,02320.png
9,02321.png
3,02322.png
7,02323.png
0,02324.png
9,02325.png
5,02326.png
2,02327.png
8,02328.png
7,02329.png
3,02330.png
7,02331.png
6,02332.png
0,02333.png
6,02334.png
2,02335.png
7,02336.png
8,02337.png
4,02338.png
6,02339.png
6,02340.png
9,02341.png
3,02342.png
2,02343.png
3,02344.png
0,02345.png
1,02346.png
9,02347.png
3,02348.png
3,02349.png
7,02350.png
0,02351.png
5,02352.png
5,02353.png
0,02354.png
2,02355.png
4,02356.png
6,02357.png
7,02358.png
4,02359.png
3,02360.png
7,02361.png
4,02362.png
2,02363.png
5,02364.png
0,02365.png
8,02366.png
4,02367.png
1,02368.png
8,02369.png
3,02370.png
6,02371.png
5,02372.png
6,02373.png
1,02374.png
0,02375.png
6,02376.png
5,02377.png
8,02378.png
2,02379.png
0,02380.png
4,02381.png
6,02382.png
4,02383.png
1,02384.png
4,02385.png
7,02386.png
0,02387.png
7,02388.png
8,02389.png
9,02390.png
2,02391.png
5,02392.png
2,02393.png
9,02394.png
8,02395.png
0,02396.png
2,02397.png
9,02398.png
3,02399.png
2,02400.png
2,02401.png
1,02402.png
4,02403.png
4,02404.png
7,02405.png
3,02406.png
8,02407.png
5,02408.png
6,02409.png
7,02410.png
9,02411.png
8,02412.png
1,02413.png
0,02414.png
5,02415.png
8,02416.png
5,02417.png
2,02418.png
5,02419.png
0,02420.png
9,02421.png
0,02422.png
7,02423.png
3,02424.png
6,02425.png
7,02426.png
1,02427.png
1,02428.png
4,02429.png
9,02430.png
7,02431.png
6,02432.png
8,02433.png
0,02434.png
3,02435.png
9,02436.png
0,02437.png
7,02438.png
1,02439.png
0,02440.png
7,02441.png
0,02442.png
8,02443.png
5,02444.png
9,02445.png
8,02446.png
0,02447.png
9,02448.png
0,02449.png
0,02450.png
0,02451.png
9,02452.png
8,02453.png
3,02454.png
5,02455.png
1,02456.png
4,02457.png
5,02458.png
0,02459.png
6,02460.png
3,02461.png
3,02462.png
1,02463.png
5,02464.png
8,02465.png
7,02466.png
9,02467.png
3,02468.png
3,02469.png
6,02470.png
9,02471.png
3,02472.png
8,02473.png
9,02474.png
4,02475.png
1,02476.png
5,02477.png
5,02478.png
0,02479.png
1,02480.png
0,02481.png
8,02482.png
5,02483.png
3,02484.png
6,02485.png
7,02486.png
3,02487.png
6,02488.png
8,02489.png
8,02490.png
2,02491.png
8,02492.png
9,02493.png
3,02494.png
1,02495.png
0,02496.png
7,02497.png
9,02498.png
2,02499.png
2,02500.png
4,02501.png
5,02502.png
4,02503.png
4,02504.png
4,02505.png
9,02506.png
4,02507.png
2,02508.png
5,02509.png
8,02510.png
1,02511.png
4,02512.png
1,02513.png
3,02514.png
9,02515.png
4,02516.png
4,02517.png
5,02518.png
2,02519.png
8,02520.png
2,02521.png
5,02522.png
5,02523.png
7,02524.png
6,02525.png
1,02526.png
7,02527.png
8,02528.png
0,02529.png
1,02530.png
0,02531.png
1,02532.png
3,02533.png
5,02534.png
4,02535.png
5,02536.png
5,02537.png
6,02538.png
5,02539.png
1,02540.png
7,02541.png
0,02542.png
5,02543.png
1,02544.png
1,02545.png
2,02546.png
8,02547.png
9,02548.png
9,02549.png
8,02550.png
6,02551.png
3,02552.png
5,02553.png
6,02554.png
5,02555.png
7,02556.png
1,02557.png
8,02558.png
6,02559.png
6,02560.png
7,02561.png
0,02562.png
6,02563.png
6,02564.png
7,02565.png
8,02566.png
8,02567.png
3,02568.png
5,02569.png
6,02570.png
5,02571.png
0,02572.png
7,02573.png
9,02574.png
9,02575.png
8,02576.png
6,02577.png
0,02578.png
2,02579.png
8,02580.png
8,02581.png
2,02582.png
5,02583.png
2,02584.png
4,02585.png
4,02586.png
9,02587.png
0,02588.png
6,02589.png
0,02590.png
5,02591.png
4,02592.png
4,02593.png
4,02594.png
7,02595.png
7,02596.png
6,02597.png
1,02598.png
3,02599.png
3,02600.png
3,02601.png
9,02602.png
2,02603.png
5,02604.png
9,02605.png
7,02606.png
2,02607.png
7,02608.png
0,02609.png
0,02610.png
6,02611.png
9,02612.png
2,02613.png
8,02614.png
3,02615.png
2,02616.png
8,02617.png
9,02618.png
2,02619.png
8,02620.png
6,02621.png
4,02622.png
6,02623.png
4,02624.png
6,02625.png
4,02626.png
4,02627.png
7,02628.png
7,02629.png
9,02630.png
8,02631.png
4,02632.png
2,02633.png
4,02634.png
0,02635.png
9,02636.png
6,02637.png
5,02638.png
5,02639.png
2,02640.png
8,02641.png
8,02642.png
2,02643.png
3,02644.png
2,02645.png
4,02646.png
3,02647.png
2,02648.png
7,02649.png
1,02650.png
4,02651.png
6,02652.png
3,02653.png
9,02654.png
6,02655.png
4,02656.png
5,02657.png
4,02658.png
1,02659.png
4,02660.png
7,02661.png
6,02662.png
1,02663.png
6,02664.png
2,02665.png
5,02666.png
1,02667.png
0,02668.png
1,02669.png
5,02670.png
5,02671.png
2,02672.png
7,02673.png
5,02674.png
3,02675.png
5,02676.png
0,02677.png
0,02678.png
0,02679.png
3,02680.png
3,02681.png
0,02682.png
4,02683.png
9,02684.png
5,02685.png
8,02686.png
4,02687.png
5,02688.png
4,02689.png
4,02690.png
1,02691.png
4,02692.png
7,02693.png
9,02694.png
0,02695.png
3,02696.png
2,02697.png
3,02698.png
5,02699.png
3,02700.png
1,02701.png
3,02702.png
4,02703.png
6,02704.png
5,02705.png
5,02706.png
5,02707.png
6,02708.png
6,02709.png
0,02710.png
7,02711.png
7,02712.png
8,02713.png
3,02714.png
9,02715.png
6,02716.png
3,02717.png
7,02718.png
0,02719.png
7,02720.png
3,02721.png
9,02722.png
0,02723.png
9,02724.png
7,02725.png
3,02726.png
2,02727.png
5,02728.png
1,02729.png
6,02730.png
1,02731.png
5,02732.png
6,02733.png
4,02734.png
1,02735.png
1,02736.png
4,02737.png
9,02738.png
1,02739.png
4,02740.png
0,02741.png
8,02742.png
1,02743.png
7,02744.png
2,02745.png
8,02746.png
7,02747.png
7,02748.png
6,02749.png
5,02750.png
5,02751.png
2,02752.png
5,02753.png
6,02754.png
0,02755.png
6,02756.png
3,02757.png
4,02758.png
2,02759.png
2,02760.png
2,02761.png
1,02762.png
6,02763.png
2,02764.png
4,02765.png
3,02766.png
6,02767.png
3,02768.png
9,02769.png
4,02770.png
5,02771.png
2,02772.png
1,02773.png
5,02774.png
9,02775.png
7,02776.png
9,02777.png
9,02778.png
4,02779.png
4,02780.png
0,02781.png
4,02782.png
9,02783.png
2,02784.png
6,02785.png
7,02786.png
4,02787.png
8,02788.png
2,02789.png
4,02790.png
0,02791.png
6,02792.png
9,02793.png
0,02794.png
8,02795.png
8,02796.png
0,02797.png
4,02798.png
2,02799.png
9,02800.png
4,02801.png
2,02802.png
9,02803.png
8,02804.png
7,02805.png
2,02806.png
8,02807.png
4,02808.png
4,02809.png
1,02810.png
6,02811.png
4,02812.png
8,02813.png
4,02814.png
9,02815.png
6,02816.png
0,02817.png
1,02818.png
0,02819.png
6,02820.png
6,02821.png
6,02822.png
5,02823.png
7,02824.png
6,02825.png
1,02826.png
5,02827.png
2,02828.png
2,02829.png
7,02830.png
2,02831.png
9,02832.png
8,02833.png
5,02834.png
2,02835.png
8,02836.png
3,02837.png
5,02838.png
0,02839.png
8,02840.png
6,02841.png
9,02842.png
6,02843.png
5,02844.png
6,02845.png
1,02846.png
0,02847.png
3,02848.png
7,02849.png
6,02850.png
9,02851.png
4,02852.png
4,02853.png
4,02854.png
6,02855.png
5,02856.png
8,02857.png
1,02858.png
8,02859.png
5,02860.png
7,02861.png
3,02862.png
4,02863.png
3,02864.png
3,02865.png
5,02866.png
1,02867.png
8,02868.png
2,02869.png
4,02870.png
6,02871.png
4,02872.png
8,02873.png
6,02874.png
4,02875.png
1,02876.png
6,02877.png
7,02878.png
3,02879.png
8,02880.png
6,02881.png
4,02882.png
8,02883.png
7,02884.png
9,02885.png
3,02886.png
9,02887.png
8,02888.png
5,02889.png
8,02890.png
2,02891.png
0,02892.png
5,02893.png
4,02894.png
0,02895.png
8,02896.png
8,02897.png
1,02898.png
7,02899.png
9,02900.png
1,02901.png
4,02902.png
2,02903.png
3,02904.png
1,02905.png
5,02906.png
2,02907.png
7,02908.png
0,02909.png
0,02910.png
9,02911.png
2,02912.png
6,02913.png
7,02914.png
7,02915.png
7,02916.png
7,02917.png
0,02918.png
8,02919.png
4,02920.png
9,02921.png
5,02922.png
4,02923.png
8,02924.png
4,02925.png
2,02926.png
6,02927.png
3,02928.png
8,02929.png
0,02930.png
1,02931.png
0,02932.png
9,02933.png
0,02934.png
7,02935.png
9,02936.png
7,02937.png
4,02938.png
4,02939.png
1,02940.png
5,02941.png
9,02942.png
8,02943.png
9,02944.png
1,02945.png
1,02946.png
6,02947.png
4,02948.png
7,02949.png
5,02950.png
1,02951.png
2,02952.png
0,02953.png
8,02954.png
8,02955.png
5,02956.png
5,02957.png
1,02958.png
6,02959.png
8,02960.png
4,02961.png
1,02962.png
8,02963.png
1,02964.png
1,02965.png
8,02966.png
4,02967.png
0,02968.png
5,02969.png
2,02970.png
6,02971.png
9,02972.png
8,02973.png
6,02974.png
2,02975.png
5,02976.png
7,02977.png
0,02978.png
9,02979.png
8,02980.png
2,02981.png
2,02982.png
8,02983.png
6,02984.png
5,02985.png
5,02986.png
1,02987.png
7,02988.png
4,02989.png
5,02990.png
9,02991.png
8,02992.png
1,02993.png
3,02994.png
8,02995.png
7,02996.png
6,02997.png
3,02998.png
6,02999.png
6,03000.png
9,03001.png
2,03002.png
1,03003.png
1,03004.png
2,03005.png
8,03006.png
9,03007.png
7,03008.png
1,03009.png
9,03010.png
4,03011.png
0,03012.png
7,03013.png
1,03014.png
8,03015.png
1,03016.png
9,03017.png
4,03018.png
3,03019.png
9,03020.png
4,03021.png
0,03022.png
4,03023.png
0,03024.png
0,03025.png
1,03026.png
9,03027.png
7,03028.png
9,03029.png
4,03030.png
2,03031.png
6,03032.png
6,03033.png
3,03034.png
1,03035.png
9,03036.png
0,03037.png
0,03038.png
6,03039.png
5,03040.png
5,03041.png
4,03042.png
3,03043.png
8,03044.png
2,03045.png
7,03046.png
2,03047.png
9,03048.png
7,03049.png
0,03050.png
1,03051.png
2,03052.png
5,03053.png
4,03054.png
6,03055.png
0,03056.png
6,03057.png
0,03058.png
5,03059.png
4,03060.png
0,03061.png
3,03062.png
7,03063.png
9,03064.png
8,03065.png
5,03066.png
6,03067.png
2,03068.png
7,03069.png
8,03070.png
3,03071.png
6,03072.png
9,03073.png
2,03074.png
5,03075.png
6,03076.png
2,03077.png
8,03078.png
6,03079.png
8,03080.png
0,03081.png
6,03082.png
3,03083.png
2,03084.png
1,03085.png
6,03086.png
8,03087.png
8,03088.png
1,03089.png
4,03090.png
3,03091.png
0,03092.png
6,03093.png
6,03094.png
3,03095.png
6,03096.png
0,03097.png
8,03098.png
1,03099.png
8,03100.png
8,03101.png
8,03102.png
6,03103.png
4,03104.png
3,03105.png
2,03106.png
6,03107.png
3,03108.png
8,03109.png
0,03110.png
5,03111.png
6,03112.png
0,03113.png
8,03114.png
8,03115.png
4,03116.png
6,03117.png
2,03118.png
5,03119.png
3,03120.png
5,03121.png
5,03122.png
8,03123.png
3,03124.png
0,03125.png
4,03126.png
6,03127.png
0,03128.png
4,03129.png
7,03130.png
5,03131.png
2,03132.png
6,03133.png
1,03134.png
2,03135.png
2,03136.png
4,03137.png
5,03138.png
4,03139.png
7,03140.png
2,03141.png
5,03142.png
1,03143.png
8,03144.png
1,03145.png
3,03146.png
4,03147.png
3,03148.png
6,03149.png
0,03150.png
2,03151.png
4,03152.png
9,03153.png
3,03154.png
8,03155.png
7,03156.png
6,03157.png
5,03158.png
9,03159.png
6,03160.png
0,03161.png
2,03162.png
4,03163.png
6,03164.png
8,03165.png
6,03166.png
5,03167.png
9,03168.png
3,03169.png
8,03170.png
1,03171.png
3,03172.png
5,03173.png
2,03174.png
8,03175.png
1,03176.png
6,03177.png
3,03178.png
6,03179.png
2,03180.png
0,03181.png
3,03182.png
9,03183.png
0,03184.png
5,03185.png
2,03186.png
4,03187.png
3,03188.png
8,03189.png
8,03190.png
2,03191.png
1,03192.png
4,03193.png
1,03194.png
3,03195.png
5,03196.png
6,03197.png
2,03198.png
9,03199.png
1,03200.png
2,03201.png
7,03202.png
3,03203.png
6,03204.png
4,03205.png
8,03206.png
9,03207.png
1,03208.png
9,03209.png
6,03210.png
3,03211.png
8,03212.png
4,03213.png
9,03214.png
8,03215.png
5,03216.png
7,03217.png
8,03218.png
0,03219.png
3,03220.png
2,03221.png
3,03222.png
8,03223.png
4,03224.png
8,03225.png
2,03226.png
3,03227.png
0,03228.png
3,03229.png
4,03230.png
4,03231.png
1,03232.png
0,03233.png
0,03234.png
2,03235.png
7,03236.png
9,03237.png
6,03238.png
7,03239.png
0,03240.png
3,03241.png
2,03242.png
2,03243.png
7,03244.png
5,03245.png
3,03246.png
0,03247.png
1,03248.png
1,03249.png
7,03250.png
6,03251.png
2,03252.png
2,03253.png
5,03254.png
5,03255.png
0,03256.png
6,03257.png
1,03258.png
0,03259.png
5,03260.png
9,03261.png
5,03262.png
7,03263.png
9,03264.png
7,03265.png
8,03266.png
0,03267.png
6,03268.png
7,03269.png
1,03270.png
1,03271.png
9,03272.png
7,03273.png
2,03274.png
8,03275.png
9,03276.png
3,03277.png
7,03278.png
4,03279.png
0,03280.png
9,03281.png
1,03282.png
2,03283.png
0,03284.png
7,03285.png
8,03286.png
2,03287.png
2,03288.png
2,03289.png
9,03290.png
9,03291.png
3,03292.png
1,03293.png
3,03294.png
1,03295.png
7,03296.png
0,03297.png
2,03298.png
1,03299.png
3,03300.png
5,03301.png
7,03302.png
1,03303.png
8,03304.png
4,03305.png
9,03306.png
4,03307.png
6,03308.png
9,03309.png
7,03310.png
2,03311.png
3,03312.png
6,03313.png
0,03314.png
3,03315.png
9,03316.png
5,03317.png
9,03318.png
7,03319.png
6,03320.png
3,03321.png
6,03322.png
4,03323.png
9,03324.png
2,03325.png
1,03326.png
5,03327.png
7,03328.png
7,03329.png
1,03330.png
7,03331.png
0,03332.png
1,03333.png
3,03334.png
8,03335.png
3,03336.png
6,03337.png
4,03338.png
9,03339.png
2,03340.png
0,03341.png
7,03342.png
6,03343.png
5,03344.png
2,03345.png
4,03346.png
8,03347.png
7,03348.png
5,03349.png
5,03350.png
9,03351.png
1,03352.png
8,03353.png
4,03354.png
6,03355.png
0,03356.png
6,03357.png
1,03358.png
1,03359.png
9,03360.png
8,03361.png
6,03362.png
1,03363.png
6,03364.png
0,03365.png
7,03366.png
6,03367.png
2,03368.png
6,03369.png
5,03370.png
2,03371.png
2,03372.png
0,03373.png
4,03374.png
1,03375.png
4,03376.png
2,03377.png
0,03378.png
9,03379.png
4,03380.png
2,03381.png
7,03382.png
2,03383.png
9,03384.png
7,03385.png
1,03386.png
2,03387.png
6,03388.png
8,03389.png
4,03390.png
7,03391.png
7,03392.png
7,03393.png
7,03394.png
0,03395.png
1,03396.png
8,03397.png
9,03398.png
8,03399.png
8,03400.png
8,03401.png
5,03402.png
3,03403.png
1,03404.png
7,03405.png
4,03406.png
6,03407.png
6,03408.png
3,03409.png
8,03410.png
4,03411.png
3,03412.png
0,03413.png
5,03414.png
1,03415.png
3,03416.png
9,03417.png
8,03418.png
6,03419.png
6,03420.png
2,03421.png
4,03422.png
7,03423.png
0,03424.png
7,03425.png
1,03426.png
1,03427.png
3,03428.png
7,03429.png
9,03430.png
7,03431.png
0,03432.png
7,03433.png
2,03434.png
9,03435.png
0,03436.png
8,03437.png
0,03438.png
4,03439.png
4,03440.png
4,03441.png
7,03442.png
7,03443.png
9,03444.png
8,03445.png
2,03446.png
0,03447.png
6,03448.png
1,03449.png
2,03450.png
3,03451.png
1,03452.png
7,03453.png
9,03454.png
3,03455.png
9,03456.png
8,03457.png
6,03458.png
3,03459.png
2,03460.png
3,03461.png
8,03462.png
3,03463.png
9,03464.png
3,03465.png
2,03466.png
2,03467.png
3,03468.png
0,03469.png
0,03470.png
9,03471.png
3,03472.png
6,03473.png
1,03474.png
9,03475.png
9,03476.png
5,03477.png
5,03478.png
0,03479.png
4,03480.png
0,03481.png
0,03482.png
8,03483.png
4,03484.png
2,03485.png
8,03486.png
8,03487.png
6,03488.png
4,03489.png
5,03490.png
7,03491.png
5,03492.png
6,03493.png
8,03494.png
2,03495.png
8,03496.png
3,03497.png
9,03498.png
9,03499.png
4,03500.png
8,03501.png
4,03502.png
6,03503.png
1,03504.png
9,03505.png
0,03506.png
9,03507.png
6,03508.png
0,03509.png
2,03510.png
2,03511.png
1,03512.png
8,03513.png
3,03514.png
2,03515.png
9,03516.png
1,03517.png
2,03518.png
6,03519.png
6,03520.png
6,03521.png
1,03522.png
9,03523.png
5,03524.png
9,03525.png
3,03526.png
8,03527.png
3,03528.png
6,03529.png
9,03530.png
1,03531.png
9,03532.png
1,03533.png
2,03534.png
5,03535.png
2,03536.png
3,03537.png
7,03538.png
9,03539.png
7,03540.png
4,03541.png
2,03542.png
2,03543.png
8,03544.png
1,03545.png
2,03546.png
5,03547.png
2,03548.png
3,03549.png
8,03550.png
8,03551.png
0,03552.png
7,03553.png
8,03554.png
6,03555.png
1,03556.png
6,03557.png
7,03558.png
8,03559.png
1,03560.png
1,03561.png
6,03562.png
7,03563.png
8,03564.png
6,03565.png
3,03566.png
8,03567.png
2,03568.png
1,03569.png
2,03570.png
6,03571.png
5,03572.png
9,03573.png
9,03574.png
2,03575.png
8,03576.png
0,03577.png
9,03578.png
5,03579.png
2,03580.png
6,03581.png
0,03582.png
1,03583.png
5,03584.png
5,03585.png
4,03586.png
4,03587.png
0,03588.png
0,03589.png
9,03590.png
7,03591.png
2,03592.png
2,03593.png
1,03594.png
1,03595.png
3,03596.png
1,03597.png
4,03598.png
3,03599.png
7,03600.png
5,03601.png
5,03602.png
0,03603.png
7,03604.png
5,03605.png
3,03606.png
4,03607.png
0,03608.png
7,03609.png
8,03610.png
9,03611.png
8,03612.png
4,03613.png
6,03614.png
0,03615.png
0,03616.png
6,03617.png
0,03618.png
7,03619.png
8,03620.png
8,03621.png
7,03622.png
6,03623.png
7,03624.png
1,03625.png
3,03626.png
1,03627.png
6,03628.png
4,03629.png
7,03630.png
5,03631.png
1,03632.png
2,03633.png
9,03634.png
3,03635.png
4,03636.png
5,03637.png
9,03638.png
3,03639.png
6,03640.png
5,03641.png
9,03642.png
7,03643.png
6,03644.png
6,03645.png
4,03646.png
8,03647.png
9,03648.png
5,03649.png
3,03650.png
0,03651.png
0,03652.png
3,03653.png
9,03654.png
8,03655.png
3,03656.png
7,03657.png
7,03658.png
9,03659.png
8,03660.png
8,03661.png
6,03662.png
8,03663.png
5,03664.png
5,03665.png
2,03666.png
2,03667.png
2,03668.png
6,03669.png
2,03670.png
0,03671.png
7,03672.png
0,03673.png
2,03674.png
4,03675.png
5,03676.png
8,03677.png
3,03678.png
2,03679.png
8,03680.png
0,03681.png
0,03682.png
5,03683.png
5,03684.png
1,03685.png
9,03686.png
2,03687.png
3,03688.png
4,03689.png
8,03690.png
1,03691.png
7,03692.png
0,03693.png
3,03694.png
9,03695.png
6,03696.png
0,03697.png
5,03698.png
7,03699.png
6,03700.png
4,03701.png
6,03702.png
3,03703.png
6,03704.png
0,03705.png
1,03706.png
8,03707.png
6,03708.png
5,03709.png
1,03710.png
7,03711.png
1,03712.png
1,03713.png
9,03714.png
3,03715.png
2,03716.png
6,03717.png
9,03718.png
2,03719.png
9,03720.png
3,03721.png
7,03722.png
6,03723.png
6,03724.png
9,03725.png
3,03726.png
7,03727.png
5,03728.png
1,03729.png
4,03730.png
4,03731.png
8,03732.png
9,03733.png
1,03734.png
8,03735.png
0,03736.png
1,03737.png
5,03738.png
0,03739.png
4,03740.png
9,03741.png
0,03742.png
4,03743.png
5,03744.png
3,03745.png
4,03746.png
7,03747.png
1,03748.png
9,03749.png
6,03750.png
9,03751.png
9,03752.png
4,03753.png
9,03754.png
8,03755.png
7,03756.png
8,03757.png
1,03758.png
7,03759.png
2,03760.png
1,03761.png
8,03762.png
1,03763.png
6,03764.png
0,03765.png
8,03766.png
1,03767.png
5,03768.png
7,03769.png
1,03770.png
3,03771.png
9,03772.png
5,03773.png
7,03774.png
3,03775.png
3,03776.png
4,03777.png
8,03778.png
2,03779.png
4,03780.png
6,03781.png
5,03782.png
0,03783.png
5,03784.png
1,03785.png
6,03786.png
6,03787.png
9,03788.png
7,03789.png
8,03790.png
2,03791.png
5,03792.png
3,03793.png
2,03794.png
5,03795.png
7,03796.png
1,03797.png
4,03798.png
7,03799.png
0,03800.png
4,03801.png
9,03802.png
4,03803.png
4,03804.png
9,03805.png
5,03806.png
7,03807.png
8,03808.png
6,03809.png
3,03810.png
4,03811.png
6,03812.png
3,03813.png
8,03814.png
5,03815.png
4,03816.png
9,03817.png
8,03818.png
7,03819.png
1,03820.png
9,03821.png
0,03822.png
4,03823.png
8,03824.png
2,03825.png
7,03826.png
3,03827.png
5,03828.png
2,03829.png
6,03830.png
4,03831.png
8,03832.png
5,03833.png
1,03834.png
4,03835.png
7,03836.png
8,03837.png
9,03838.png
8,03839.png
0,03840.png
2,03841.png
7,03842.png
0,03843.png
7,03844.png
4,03845.png
7,03846.png
2,03847.png
0,03848.png
0,03849.png
3,03850.png
7,03851.png
0,03852.png
0,03853.png
6,03854.png
5,03855.png
6,03856.png
1,03857.png
3,03858.png
0,03859.png
8,03860.png
3,03861.png
6,03862.png
9,03863.png
3,03864.png
7,03865.png
0,03866.png
3,03867.png
1,03868.png
1,03869.png
5,03870.png
4,03871.png
6,03872.png
7,03873.png
4,03874.png
0,03875.png
5,03876.png
1,03877.png
9,03878.png
3,03879.png
4,03880.png
7,03881.png
2,03882.png
6,03883.png
5,03884.png
5,03885.png
4,03886.png
4,03887.png
3,03888.png
1,03889.png
3,03890.png
7,03891.png
5,03892.png
2,03893.png
8,03894.png
5,03895.png
4,03896.png
3,03897.png
9,03898.png
6,03899.png
2,03900.png
4,03901.png
4,03902.png
7,03903.png
4,03904.png
7,03905.png
3,03906.png
0,03907.png
5,03908.png
6,03909.png
6,03910.png
2,03911.png
2,03912.png
7,03913.png
9,03914.png
5,03915.png
6,03916.png
6,03917.png
7,03918.png
3,03919.png
0,03920.png
8,03921.png
3,03922.png
2,03923.png
4,03924.png
9,03925.png
9,03926.png
8,03927.png
1,03928.png
0,03929.png
4,03930.png
9,03931.png
5,03932.png
1,03933.png
8,03934.png
8,03935.png
8,03936.png
5,03937.png
1,03938.png
7,03939.png
8,03940.png
0,03941.png
4,03942.png
6,03943.png
8,03944.png
9,03945.png
3,03946.png
0,03947.png
9,03948.png
3,03949.png
1,03950.png
0,03951.png
8,03952.png
8,03953.png
9,03954.png
4,03955.png
3,03956.png
7,03957.png
6,03958.png
3,03959.png
1,03960.png
3,03961.png
0,03962.png
9,03963.png
0,03964.png
5,03965.png
2,03966.png
0,03967.png
7,03968.png
9,03969.png
5,03970.png
0,03971.png
6,03972.png
0,03973.png
9,03974.png
1,03975.png
5,03976.png
4,03977.png
5,03978.png
8,03979.png
5,03980.png
3,03981.png
3,03982.png
3,03983.png
9,03984.png
2,03985.png
0,03986.png
9,03987.png
2,03988.png
7,03989.png
7,03990.png
3,03991.png
3,03992.png
5,03993.png
7,03994.png
1,03995.png
5,03996.png
2,03997.png
2,03998.png
3,03999.png
3,04000.png
5,04001.png
0,04002.png
0,04003.png
9,04004.png
7,04005.png
9,04006.png
1,04007.png
9,04008.png
4,04009.png
2,04010.png
6,04011.png
1,04012.png
0,04013.png
8,04014.png
2,04015.png
1,04016.png
2,04017.png
5,04018.png
6,04019.png
4,04020.png
3,04021.png
1,04022.png
2,04023.png
5,04024.png
0,04025.png
6,04026.png
2,04027.png
5,04028.png
1,04029.png
7,04030.png
5,04031.png
6,04032.png
6,04033.png
1,04034.png
8,04035.png
4,04036.png
0,04037.png
6,04038.png
2,04039.png
2,04040.png
0,04041.png
6,04042.png
0,04043.png
2,04044.png
2,04045.png
7,04046.png
3,04047.png
1,04048.png
5,04049.png
2,04050.png
1,04051.png
2,04052.png
2,04053.png
8,04054.png
9,04055.png
9,04056.png
2,04057.png
9,04058.png
5,04059.png
5,04060.png
4,04061.png
3,04062.png
2,04063.png
9,04064.png
8,04065.png
1,04066.png
1,04067.png
8,04068.png
7,04069.png
5,04070.png
3,04071.png
2,04072.png
2,04073.png
5,04074.png
3,04075.png
1,04076.png
3,04077.png
4,04078.png
1,04079.png
9,04080.png
7,04081.png
3,04082.png
8,04083.png
8,04084.png
7,04085.png
1,04086.png
7,04087.png
4,04088.png
3,04089.png
2,04090.png
9,04091.png
1,04092.png
3,04093.png
9,04094.png
7,04095.png
4,04096.png
3,04097.png
9,04098.png
3,04099.png
7,04100.png
3,04101.png
9,04102.png
2,04103.png
1,04104.png
6,04105.png
7,04106.png
1,04107.png
7,04108.png
1,04109.png
6,04110.png
8,04111.png
1,04112.png
2,04113.png
5,04114.png
1,04115.png
7,04116.png
9,04117.png
0,04118.png
3,04119.png
0,04120.png
2,04121.png
9,04122.png
8,04123.png
7,04124.png
3,04125.png
6,04126.png
9,04127.png
4,04128.png
6,04129.png
9,04130.png
5,04131.png
8,04132.png
0,04133.png
1,04134.png
1,04135.png
1,04136.png
3,04137.png
8,04138.png
2,04139.png
3,04140.png
9,04141.png
7,04142.png
9,04143.png
6,04144.png
1,04145.png
4,04146.png
6,04147.png
9,04148.png
4,04149.png
0,04150.png
2,04151.png
2,04152.png
2,04153.png
6,04154.png
0,04155.png
6,04156.png
4,04157.png
2,04158.png
3,04159.png
4,04160.png
4,04161.png
5,04162.png
8,04163.png
4,04164.png
0,04165.png
9,04166.png
2,04167.png
3,04168.png
9,04169.png
2,04170.png
2,04171.png
9,04172.png
7,04173.png
6,04174.png
7,04175.png
2,04176.png
2,04177.png
6,04178.png
8,04179.png
5,04180.png
8,04181.png
3,04182.png
8,04183.png
9,04184.png
6,04185.png
0,04186.png
2,04187.png
3,04188.png
7,04189.png
3,04190.png
3,04191.png
8,04192.png
8,04193.png
1,04194.png
9,04195.png
4,04196.png
7,04197.png
3,04198.png
5,04199.png
3,04200.png
4,04201.png
6,04202.png
5,04203.png
7,04204.png
9,04205.png
7,04206.png
7,04207.png
7,04208.png
7,04209.png
2,04210.png
5,04211.png
4,04212.png
7,04213.png
3,04214.png
0,04215.png
1,04216.png
9,04217.png
6,04218.png
8,04219.png
8,04220.png
9,04221.png
0,04222.png
8,04223.png
5,04224.png
4,04225.png
7,04226.png
4,04227.png
7,04228.png
9,04229.png
1,04230.png
4,04231.png
7,04232.png
2,04233.png
9,04234.png
7,04235.png
7,04236.png
0,04237.png
0,04238.png
3,04239.png
7,04240.png
4,04241.png
2,04242.png
3,04243.png
1,04244.png
0,04245.png
8,04246.png
5,04247.png
1,04248.png
8,04249.png
3,04250.png
4,04251.png
1,04252.png
7,04253.png
1,04254.png
0,04255.png
7,04256.png
9,04257.png
9,04258.png
2,04259.png
8,04260.png
3,04261.png
1,04262.png
1,04263.png
4,04264.png
6,04265.png
1,04266.png
2,04267.png
2,04268.png
1,04269.png
0,04270.png
3,04271.png
5,04272.png
1,04273.png
2,04274.png
3,04275.png
7,04276.png
9,04277.png
0,04278.png
8,04279.png
1,04280.png
4,04281.png
6,04282.png
0,04283.png
7,04284.png
3,04285.png
6,04286.png
4,04287.png
9,04288.png
5,04289.png
4,04290.png
9,04291.png
2,04292.png
3,04293.png
7,04294.png
0,04295.png
6,04296.png
6,04297.png
7,04298.png
0,04299.png
6,04300.png
9,04301.png
4,04302.png
5,04303.png
5,04304.png
4,04305.png
9,04306.png
4,04307.png
1,04308.png
3,04309.png
0,04310.png
1,04311.png
7,04312.png
2,04313.png
2,04314.png
9,04315.png
8,04316.png
7,04317.png
2,04318.png
1,04319.png
8,04320.png
5,04321.png
0,04322.png
8,04323.png
6,04324.png
1,04325.png
7,04326.png
3,04327.png
7,04328.png
2,04329.png
0,04330.png
9,04331.png
9,04332.png
4,04333.png
7,04334.png
4,04335.png
4,04336.png
2,04337.png
5,04338.png
6,04339.png
6,04340.png
3,04341.png
9,04342.png
5,04343.png
3,04344.png
0,04345.png
0,04346.png
1,04347.png
2,04348.png
3,04349.png
5,04350.png
6,04351.png
0,04352.png
6,04353.png
3,04354.png
4,04355.png
7,04356.png
2,04357.png
3,04358.png
4,04359.png
0,04360.png
1,04361.png
4,04362.png
3,04363.png
9,04364.png
9,04365.png
8,04366.png
8,04367.png
5,04368.png
9,04369.png
0,04370.png
1,04371.png
2,04372.png
9,04373.png
6,04374.png
0,04375.png
8,04376.png
3,04377.png
0,04378.png
0,04379.png
2,04380.png
8,04381.png
4,04382.png
5,04383.png
0,04384.png
0,04385.png
0,04386.png
2,04387.png
7,04388.png
0,04389.png
6,04390.png
1,04391.png
6,04392.png
9,04393.png
4,04394.png
0,04395.png
4,04396.png
6,04397.png
2,04398.png
9,04399.png
3,04400.png
5,04401.png
9,04402.png
8,04403.png
7,04404.png
8,04405.png
9,04406.png
6,04407.png
7,04408.png
2,04409.png
2,04410.png
4,04411.png
3,04412.png
1,04413.png
8,04414.png
6,04415.png
3,04416.png
8,04417.png
8,04418.png
0,04419.png
5,04420.png
0,04421.png
1,04422.png
3,04423.png
5,04424.png
4,04425.png
3,04426.png
2,04427.png
3,04428.png
0,04429.png
8,04430.png
4,04431.png
0,04432.png
8,04433.png
1,04434.png
0,04435.png
5,04436.png
8,04437.png
6,04438.png
8,04439.png
7,04440.png
7,04441.png
6,04442.png
4,04443.png
9,04444.png
2,04445.png
9,04446.png
7,04447.png
0,04448.png
9,04449.png
1,04450.png
0,04451.png
2,04452.png
1,04453.png
0,04454.png
2,04455.png
1,04456.png
7,04457.png
7,04458.png
8,04459.png
9,04460.png
1,04461.png
3,04462.png
3,04463.png
4,04464.png
5,04465.png
8,04466.png
4,04467.png
1,04468.png
5,04469.png
0,04470.png
2,04471.png
6,04472.png
1,04473.png
7,04474.png
6,04475.png
3,04476.png
2,04477.png
7,04478.png
1,04479.png
8,04480.png
3,04481.png
8,04482.png
0,04483.png
9,04484.png
8,04485.png
6,04486.png
6,04487.png
5,04488.png
4,04489.png
7,04490.png
1,04491.png
6,04492.png
1,04493.png
7,04494.png
3,04495.png
8,04496.png
3,04497.png
4,04498.png
9,04499.png
7,04500.png
1,04501.png
0,04502.png
6,04503.png
2,04504.png
1,04505.png
5,04506.png
8,04507.png
0,04508.png
0,04509.png
7,04510.png
9,04511.png
0,04512.png
1,04513.png
8,04514.png
5,04515.png
3,04516.png
0,04517.png
6,04518.png
4,04519.png
4,04520.png
3,04521.png
9,04522.png
0,04523.png
5,04524.png
6,04525.png
0,04526.png
4,04527.png
5,04528.png
0,04529.png
1,04530.png
7,04531.png
3,04532.png
5,04533.png
5,04534.png
6,04535.png
1,04536.png
6,04537.png
4,04538.png
1,04539.png
6,04540.png
3,04541.png
6,04542.png
4,04543.png
7,04544.png
1,04545.png
2,04546.png
6,04547.png
7,04548.png
1,04549.png
4,04550.png
1,04551.png
0,04552.png
8,04553.png
9,04554.png
8,04555.png
8,04556.png
1,04557.png
9,04558.png
5,04559.png
2,04560.png
2,04561.png
5,04562.png
1,04563.png
0,04564.png
2,04565.png
9,04566.png
0,04567.png
5,04568.png
1,04569.png
1,04570.png
0,04571.png
9,04572.png
0,04573.png
8,04574.png
5,04575.png
2,04576.png
3,04577.png
4,04578.png
3,04579.png
8,04580.png
6,04581.png
6,04582.png
9,04583.png
9,04584.png
5,04585.png
1,04586.png
4,04587.png
8,04588.png
8,04589.png
9,04590.png
2,04591.png
4,04592.png
9,04593.png
3,04594.png
9,04595.png
8,04596.png
9,04597.png
7,04598.png
7,04599.png
1,04600.png
4,04601.png
6,04602.png
7,04603.png
1,04604.png
3,04605.png
8,04606.png
9,04607.png
4,04608.png
2,04609.png
5,04610.png
9,04611.png
1,04612.png
4,04613.png
9,04614.png
4,04615.png
3,04616.png
8,04617.png
2,04618.png
4,04619.png
6,04620.png
2,04621.png
4,04622.png
3,04623.png
9,04624.png
1,04625.png
5,04626.png
0,04627.png
2,04628.png
8,04629.png
8,04630.png
3,04631.png
0,04632.png
4,04633.png
4,04634.png
4,04635.png
4,04636.png
5,04637.png
8,04638.png
6,04639.png
9,04640.png
9,04641.png
7,04642.png
0,04643.png
0,04644.png
9,04645.png
9,04646.png
8,04647.png
8,04648.png
5,04649.png
7,04650.png
1,04651.png
0,04652.png
0,04653.png
0,04654.png
7,04655.png
3,04656.png
3,04657.png
9,04658.png
5,04659.png
2,04660.png
5,04661.png
7,04662.png
8,04663.png
1,04664.png
3,04665.png
5,04666.png
3,04667.png
4,04668.png
9,04669.png
3,04670.png
5,04671.png
8,04672.png
7,04673.png
7,04674.png
5,04675.png
1,04676.png
8,04677.png
7,04678.png
6,04679.png
1,04680.png
9,04681.png
9,04682.png
9,04683.png
4,04684.png
3,04685.png
4,04686.png
0,04687.png
1,04688.png
5,04689.png
1,04690.png
4,04691.png
2,04692.png
8,04693.png
4,04694.png
0,04695.png
9,04696.png
8,04697.png
1,04698.png
4,04699.png
4,04700.png
8,04701.png
1,04702.png
8,04703.png
7,04704.png
9,04705.png
5,04706.png
2,04707.png
6,04708.png
1,04709.png
1,04710.png
4,04711.png
7,04712.png
1,04713.png
5,04714.png
2,04715.png
6,04716.png
5,04717.png
9,04718.png
8,04719.png
3,04720.png
1,04721.png
4,04722.png
0,04723.png
9,04724.png
7,04725.png
6,04726.png
9,04727.png
1,04728.png
2,04729.png
3,04730.png
4,04731.png
5,04732.png
4,04733.png
9,04734.png
9,04735.png
3,04736.png
4,04737.png
3,04738.png
2,04739.png
6,04740.png
4,04741.png
6,04742.png
2,04743.png
8,04744.png
4,04745.png
9,04746.png
0,04747.png
2,04748.png
4,04749.png
2,04750.png
6,04751.png
8,04752.png
0,04753.png
6,04754.png
2,04755.png
7,04756.png
5,04757.png
2,04758.png
5,04759.png
0,04760.png
8,04761.png
6,04762.png
2,04763.png
1,04764.png
2,04765.png
6,04766.png
9,04767.png
7,04768.png
4,04769.png
4,04770.png
7,04771.png
9,04772.png
1,04773.png
4,04774.png
5,04775.png
3,04776.png
7,04777.png
5,04778.png
0,04779.png
2,04780.png
0,04781.png
5,04782.png
3,04783.png
2,04784.png
0,04785.png
0,04786.png
5,04787.png
8,04788.png
2,04789.png
5,04790.png
9,04791.png
4,04792.png
5,04793.png
7,04794.png
2,04795.png
9,04796.png
0,04797.png
5,04798.png
9,04799.png
7,04800.png
3,04801.png
5,04802.png
8,04803.png
4,04804.png
9,04805.png
8,04806.png
2,04807.png
7,04808.png
2,04809.png
8,04810.png
6,04811.png
5,04812.png
8,04813.png
9,04814.png
6,04815.png
6,04816.png
3,04817.png
6,04818.png
9,04819.png
1,04820.png
7,04821.png
7,04822.png
1,04823.png
5,04824.png
9,04825.png
5,04826.png
6,04827.png
0,04828.png
3,04829.png
7,04830.png
6,04831.png
5,04832.png
0,04833.png
9,04834.png
7,04835.png
0,04836.png
0,04837.png
8,04838.png
2,04839.png
3,04840.png
3,04841.png
3,04842.png
3,04843.png
3,04844.png
9,04845.png
6,04846.png
8,04847.png
0,04848.png
4,04849.png
3,04850.png
0,04851.png
1,04852.png
4,04853.png
0,04854.png
9,04855.png
2,04856.png
1,04857.png
8,04858.png
6,04859.png
2,04860.png
2,04861.png
6,04862.png
2,04863.png
8,04864.png
2,04865.png
2,04866.png
4,04867.png
3,04868.png
2,04869.png
7,04870.png
1,04871.png
0,04872.png
3,04873.png
8,04874.png
5,04875.png
2,04876.png
4,04877.png
9,04878.png
7,04879.png
8,04880.png
1,04881.png
8,04882.png
4,04883.png
7,04884.png
9,04885.png
6,04886.png
1,04887.png
6,04888.png
8,04889.png
0,04890.png
3,04891.png
4,04892.png
5,04893.png
1,04894.png
1,04895.png
4,04896.png
2,04897.png
2,04898.png
6,04899.png
3,04900.png
1,04901.png
6,04902.png
1,04903.png
9,04904.png
5,04905.png
5,04906.png
5,04907.png
6,04908.png
4,04909.png
7,04910.png
7,04911.png
5,04912.png
1,04913.png
4,04914.png
2,04915.png
6,04916.png
0,04917.png
5,04918.png
8,04919.png
7,04920.png
4,04921.png
3,04922.png
1,04923.png
6,04924.png
4,04925.png
6,04926.png
5,04927.png
9,04928.png
8,04929.png
8,04930.png
7,04931.png
4,04932.png
3,04933.png
7,04934.png
8,04935.png
1,04936.png
2,04937.png
1,04938.png
2,04939.png
3,04940.png
2,04941.png
0,04942.png
2,04943.png
1,04944.png
0,04945.png
8,04946.png
4,04947.png
0,04948.png
3,04949.png
1,04950.png
1,04951.png
5,04952.png
5,04953.png
2,04954.png
4,04955.png
8,04956.png
0,04957.png
7,04958.png
5,04959.png
7,04960.png
1,04961.png
8,04962.png
5,04963.png
5,04964.png
2,04965.png
0,04966.png
3,04967.png
0,04968.png
6,04969.png
4,04970.png
2,04971.png
7,04972.png
8,04973.png
1,04974.png
6,04975.png
6,04976.png
7,04977.png
5,04978.png
1,04979.png
8,04980.png
4,04981.png
9,04982.png
3,04983.png
7,04984.png
5,04985.png
5,04986.png
3,04987.png
4,04988.png
5,04989.png
1,04990.png
6,04991.png
9,04992.png
3,04993.png
4,04994.png
1,04995.png
5,04996.png
1,04997.png
7,04998.png
5,04999.png
