Id,Prediction
07690.png,8
07038.png,2
01743.png,3
00993.png,6
00983.png,2
01685.png,4
02793.png,0
03881.png,8
03787.png,9
05258.png,3
04330.png,0
03401.png,1
04304.png,9
01798.png,4
06448.png,3
04019.png,7
07491.png,8
05262.png,1
04388.png,8
02238.png,3
00129.png,0
03385.png,1
07116.png,8
00852.png,0
00309.png,6
01564.png,0
06483.png,4
04159.png,5
00092.png,2
05807.png,6
05961.png,2
01379.png,8
06064.png,4
07441.png,7
06835.png,9
02548.png,5
01222.png,9
07225.png,8
06110.png,9
04959.png,3
02525.png,9
06077.png,3
00373.png,4
02897.png,7
06413.png,0
00803.png,3
03170.png,4
02383.png,2
03387.png,9
02621.png,8
03362.png,5
07965.png,7
00882.png,5
04291.png,4
00921.png,9
04669.png,0
00013.png,0
02941.png,8
05531.png,4
02923.png,2
05681.png,6
04529.png,2
03235.png,6
03533.png,5
00534.png,1
06194.png,0
06995.png,1
03139.png,2
04878.png,4
05921.png,9
01804.png,7
07345.png,2
03714.png,2
04725.png,8
00071.png,6
07722.png,1
03833.png,9
04657.png,7
06127.png,9
02565.png,6
01373.png,5
05070.png,0
05082.png,7
02359.png,4
05320.png,3
05809.png,8
05312.png,6
02893.png,7
06988.png,5
03057.png,9
06918.png,2
01090.png,8
01713.png,6
01591.png,4
04171.png,5
07633.png,1
00253.png,8
04560.png,7
02204.png,5
05668.png,2
07137.png,6
03636.png,7
06725.png,1
06925.png,6
07590.png,4
02967.png,8
03262.png,1
01317.png,8
06115.png,1
05765.png,8
07346.png,7
02423.png,7
02129.png,8
00380.png,6
03445.png,7
06840.png,8
02895.png,8
05020.png,9
02849.png,1
03293.png,9
06942.png,8
05244.png,8
04481.png,6
04666.png,4
04309.png,3
05042.png,1
01019.png,0
06009.png,3
02106.png,3
03563.png,0
04824.png,2
02348.png,4
06027.png,4
02491.png,8
04002.png,8
00271.png,3
04780.png,8
05838.png,1
02995.png,1
07737.png,9
04053.png,2
03296.png,0
03971.png,2
00369.png,8
04646.png,5
01858.png,9
03376.png,9
07639.png,1
05403.png,3
02494.png,3
07819.png,0
05733.png,3
04970.png,3
05718.png,4
06381.png,8
07888.png,8
00997.png,3
07917.png,6
00555.png,5
00223.png,3
07665.png,7
04411.png,2
02149.png,8
03365.png,1
06992.png,2
07991.png,9
00310.png,4
01764.png,6
04479.png,3
00785.png,3
00656.png,4
02174.png,1
05856.png,6
05030.png,4
06385.png,8
06243.png,0
02515.png,5
00106.png,5
07645.png,1
03311.png,3
03282.png,5
00825.png,6
04075.png,1
01671.png,4
00413.png,9
00722.png,2
02646.png,7
01910.png,6
04041.png,9
00579.png,5
04167.png,9
03469.png,5
00715.png,8
04595.png,8
07167.png,3
04230.png,9
01394.png,4
00026.png,7
05237.png,4
00233.png,8
07760.png,8
05785.png,7
06012.png,8
02703.png,4
00169.png,3
02694.png,9
02822.png,1
00654.png,6
02475.png,8
04565.png,0
02022.png,0
00337.png,8
07049.png,4
02408.png,4
06411.png,8
00404.png,6
00849.png,9
02321.png,0
06464.png,5
05797.png,7
02667.png,6
01751.png,8
06472.png,4
02237.png,3
04915.png,0
04557.png,1
02103.png,5
01674.png,9
01682.png,8
05130.png,1
00254.png,6
07565.png,7
06035.png,5
06031.png,3
03389.png,0
07759.png,5
06213.png,9
05315.png,3
03242.png,5
02056.png,3
07546.png,2
05619.png,1
06375.png,1
02208.png,2
04275.png,1
01257.png,6
02615.png,7
06250.png,2
02461.png,7
07699.png,1
05504.png,8
06611.png,4
04362.png,9
04869.png,9
05228.png,9
00165.png,8
02015.png,1
04522.png,9
06205.png,6
06360.png,7
04332.png,5
02677.png,1
07414.png,2
06229.png,3
07155.png,7
04353.png,7
00770.png,4
02697.png,9
07691.png,9
02945.png,4
01810.png,8
02247.png,9
03301.png,9
03185.png,8
06196.png,6
02640.png,1
06531.png,5
03928.png,0
03236.png,2
06072.png,7
07005.png,8
02214.png,8
05503.png,3
02202.png,0
01515.png,2
05157.png,5
07905.png,6
07405.png,9
04654.png,1
05089.png,0
07803.png,1
04100.png,3
07510.png,3
02231.png,6
01784.png,9
00069.png,1
04449.png,8
06096.png,8
05755.png,3
01195.png,1
06143.png,5
04390.png,4
06854.png,1
01039.png,4
04714.png,8
05640.png,1
05972.png,4
06806.png,7
01018.png,0
01535.png,1
06169.png,0
01738.png,6
04577.png,6
00015.png,7
04853.png,8
05536.png,8
03605.png,1
05840.png,1
01032.png,5
02953.png,0
04468.png,0
00678.png,7
02223.png,4
01734.png,8
01521.png,5
00629.png,8
05234.png,5
03889.png,3
06503.png,7
02397.png,4
01570.png,9
07582.png,6
03135.png,9
07071.png,4
04403.png,1
00126.png,4
06197.png,7
05589.png,4
05550.png,0
04800.png,3
02891.png,6
03126.png,4
01988.png,6
02314.png,4
03973.png,3
03012.png,1
01331.png,0
02634.png,7
05355.png,2
01690.png,4
06632.png,4
01027.png,2
07173.png,8
01020.png,9
03962.png,7
06831.png,7
01167.png,5
03069.png,3
01389.png,9
04995.png,2
06291.png,2
01518.png,0
06665.png,5
05537.png,2
06723.png,3
05930.png,2
02086.png,9
07524.png,2
03538.png,9
02296.png,2
07726.png,3
06332.png,6
06582.png,0
07939.png,5
06179.png,0
00652.png,9
03367.png,5
04591.png,0
05544.png,3
04237.png,4
07219.png,8
05512.png,8
04395.png,9
02445.png,5
07229.png,9
06687.png,1
02824.png,8
05064.png,4
06201.png,7
01144.png,0
06567.png,5
06423.png,7
06401.png,3
07442.png,5
06975.png,5
03970.png,9
01003.png,1
02782.png,3
05625.png,4
05598.png,5
05186.png,7
06274.png,6
00708.png,5
04977.png,2
03222.png,6
05318.png,5
05417.png,2
06206.png,1
07869.png,1
02283.png,0
02841.png,6
01834.png,7
05939.png,7
02356.png,4
07762.png,6
05261.png,9
03824.png,4
04343.png,9
05063.png,8
03849.png,1
01176.png,2
00237.png,3
00164.png,3
00030.png,5
02323.png,5
00863.png,9
07858.png,1
05847.png,8
04871.png,4
02620.png,4
01658.png,0
02957.png,6
03276.png,9
04161.png,8
00874.png,1
00134.png,3
03375.png,9
00762.png,2
04838.png,4
03195.png,0
04877.png,4
04991.png,1
07133.png,9
04351.png,7
06359.png,5
05992.png,1
03856.png,5
00449.png,1
01981.png,2
05823.png,1
01837.png,4
03505.png,6
04119.png,2
06997.png,4
04274.png,8
07489.png,9
03951.png,1
05764.png,3
03671.png,0
05219.png,9
02637.png,7
01132.png,5
00454.png,7
03892.png,9
05035.png,5
05922.png,2
01135.png,6
01829.png,0
05369.png,1
01603.png,9
03907.png,3
03449.png,0
01399.png,9
07184.png,2
02607.png,5
07897.png,7
02546.png,0
00597.png,8
00839.png,3
02396.png,0
06139.png,4
04288.png,1
06795.png,8
00640.png,6
01941.png,6
07977.png,5
04359.png,4
06117.png,2
07104.png,2
03562.png,7
07980.png,0
06514.png,6
04397.png,4
01978.png,6
01665.png,1
02257.png,1
05125.png,0
07778.png,1
05105.png,9
05561.png,9
04459.png,9
05090.png,0
07455.png,4
07534.png,2
03747.png,0
05458.png,5
00758.png,7
04605.png,8
06966.png,2
03149.png,8
06981.png,9
07758.png,5
02343.png,0
03214.png,3
02308.png,3
06569.png,1
03474.png,6
07093.png,8
07875.png,1
00023.png,9
01023.png,7
01108.png,0
02596.png,2
06577.png,4
02688.png,1
01990.png,9
01669.png,7
00844.png,0
02293.png,9
03024.png,0
06748.png,7
06928.png,9
07860.png,0
00156.png,5
04829.png,9
07720.png,2
07001.png,4
06214.png,9
07698.png,9
07914.png,8
05868.png,2
05603.png,5
04195.png,0
04133.png,3
04494.png,7
01007.png,2
04706.png,6
00928.png,9
07791.png,0
07931.png,7
00627.png,9
02790.png,4
04861.png,4
04783.png,5
02869.png,2
01723.png,1
00382.png,1
00815.png,0
07276.png,1
03921.png,2
03465.png,1
06153.png,0
03103.png,1
03150.png,0
03827.png,3
07423.png,9
07212.png,2
03015.png,5
00526.png,1
02653.png,5
02394.png,6
02903.png,2
03324.png,1
05754.png,7
06350.png,1
00663.png,4
06403.png,6
02496.png,0
07443.png,3
03453.png,9
07148.png,9
03713.png,2
01442.png,0
02168.png,2
04261.png,6
03372.png,2
05335.png,8
06016.png,2
05152.png,8
01272.png,8
03352.png,6
07372.png,5
02199.png,4
04978.png,1
03059.png,2
07187.png,7
02184.png,0
04379.png,3
00943.png,1
06491.png,6
01296.png,1
05424.png,7
07413.png,1
01670.png,3
00398.png,3
07177.png,4
06146.png,5
00059.png,7
02114.png,3
06906.png,0
01550.png,1
03604.png,9
03419.png,4
00388.png,5
04478.png,7
06084.png,3
04060.png,3
03554.png,6
00741.png,7
07741.png,4
06481.png,5
00556.png,1
07198.png,1
06398.png,6
03909.png,5
07449.png,9
03369.png,4
03075.png,0
05175.png,5
04005.png,7
07321.png,5
05600.png,0
07404.png,9
03646.png,2
04325.png,6
02924.png,4
00397.png,4
03805.png,6
07218.png,4
02835.png,1
02829.png,1
07022.png,2
04923.png,6
04925.png,0
07624.png,9
02004.png,3
00586.png,6
01405.png,1
02287.png,2
00972.png,2
02792.png,9
06643.png,7
02668.png,1
03007.png,1
05180.png,5
00563.png,9
00999.png,4
02091.png,8
03193.png,2
01592.png,4
07739.png,7
07913.png,4
04583.png,8
04852.png,0
05861.png,2
00794.png,9
00979.png,4
00860.png,5
07494.png,6
00124.png,7
04737.png,2
04444.png,3
02116.png,8
02887.png,4
04396.png,8
03732.png,6
02815.png,1
00490.png,2
02083.png,4
03133.png,3
06302.png,7
02243.png,2
02107.png,5
06227.png,0
03543.png,2
06509.png,4
07975.png,6
05062.png,4
06613.png,7
03260.png,5
02064.png,7
03285.png,3
01646.png,8
03446.png,2
06628.png,6
07227.png,0
02457.png,6
05173.png,6
03550.png,1
05416.png,2
05102.png,2
02582.png,2
01703.png,8
02025.png,6
04844.png,1
07114.png,2
07327.png,4
00178.png,9
05498.png,7
05242.png,8
07185.png,5
03664.png,3
02938.png,5
05666.png,3
05215.png,0
05597.png,1
05421.png,6
05981.png,2
01718.png,1
06479.png,8
07074.png,7
01663.png,9
00761.png,4
00550.png,1
05454.png,7
05449.png,7
04135.png,3
02024.png,2
05648.png,0
03897.png,2
02324.png,3
02225.png,9
03167.png,8
00402.png,9
03764.png,7
00335.png,8
00095.png,8
04416.png,4
05430.png,9
05705.png,1
04674.png,9
03987.png,2
01974.png,0
06750.png,0
06836.png,3
07716.png,6
00436.png,5
04437.png,3
05484.png,7
04788.png,9
06091.png,5
03184.png,2
01503.png,6
04143.png,8
05382.png,4
06120.png,9
00410.png,2
06859.png,2
04850.png,2
07669.png,1
06223.png,7
03699.png,0
02881.png,6
05350.png,6
03581.png,4
02779.png,6
04758.png,8
01182.png,5
06171.png,6
06761.png,3
07811.png,0
07968.png,0
07952.png,3
04204.png,8
00453.png,5
00394.png,1
05396.png,4
05527.png,1
00764.png,5
04556.png,9
05273.png,2
02929.png,8
05198.png,2
07999.png,9
03999.png,3
02353.png,8
04277.png,5
05511.png,8
00407.png,2
01820.png,9
07353.png,8
01501.png,3
06394.png,5
02745.png,0
07011.png,8
00075.png,7
06053.png,5
07993.png,2
05124.png,7
04284.png,1
06024.png,1
03884.png,8
00443.png,2
03948.png,9
04555.png,1
05370.png,0
02914.png,7
07006.png,2
00381.png,6
00176.png,1
00056.png,5
03851.png,5
05643.png,9
07401.png,1
05392.png,1
02872.png,7
01580.png,6
05945.png,0
07403.png,2
07193.png,5
04578.png,7
06501.png,6
06010.png,7
06467.png,3
02327.png,4
02073.png,2
02719.png,6
00606.png,6
07269.png,6
03742.png,1
07607.png,1
04825.png,2
04205.png,6
06237.png,4
01728.png,6
00090.png,5
07754.png,4
04322.png,2
00173.png,9
01072.png,8
04787.png,1
00049.png,2
07480.png,2
04763.png,7
03198.png,5
01481.png,0
05946.png,3
05065.png,7
01348.png,1
01873.png,8
01220.png,9
01401.png,5
04904.png,6
06572.png,0
01968.png,0
00676.png,4
00988.png,3
03148.png,8
06203.png,0
07364.png,8
00225.png,0
03314.png,3
01759.png,5
01752.png,3
06037.png,8
01758.png,5
03582.png,6
02696.png,1
05192.png,0
02432.png,1
06107.png,3
06485.png,3
05378.png,7
01835.png,7
04744.png,2
03164.png,5
01045.png,3
06271.png,2
01122.png,0
07768.png,9
00072.png,0
07191.png,2
01811.png,6
05371.png,4
01035.png,5
06081.png,7
01131.png,1
02999.png,5
01300.png,9
06414.png,1
05904.png,5
05608.png,4
01134.png,4
01733.png,7
07036.png,6
04156.png,9
05535.png,5
06351.png,0
00716.png,9
07367.png,8
03212.png,3
02788.png,6
05802.png,1
05601.png,3
01444.png,9
07908.png,9
06914.png,8
06111.png,4
04455.png,1
06976.png,6
02544.png,7
04980.png,2
06404.png,8
05655.png,7
07937.png,3
01157.png,3
06178.png,5
07336.png,2
07097.png,0
01726.png,7
04664.png,6
03448.png,7
04438.png,1
00360.png,3
02278.png,9
00006.png,2
02312.png,8
00647.png,9
05639.png,4
05481.png,3
05834.png,0
07458.png,2
07877.png,3
03555.png,3
07746.png,5
01458.png,2
01380.png,8
06218.png,7
04310.png,3
06357.png,9
07262.png,0
06239.png,4
07751.png,6
01860.png,6
03700.png,5
03597.png,4
04914.png,3
04354.png,1
02456.png,0
05859.png,3
00877.png,1
06667.png,5
03408.png,6
03410.png,6
01881.png,1
06000.png,6
05243.png,4
04460.png,1
04225.png,7
03589.png,3
07958.png,1
03245.png,8
05290.png,0
02100.png,3
04405.png,3
00197.png,7
06923.png,6
07578.png,2
00084.png,8
05752.png,5
04653.png,2
04920.png,3
02795.png,8
00826.png,5
05772.png,6
01001.png,0
04473.png,2
07638.png,2
04410.png,2
01364.png,7
03274.png,3
00227.png,7
06618.png,4
06737.png,5
03972.png,0
01336.png,9
07653.png,0
06451.png,5
00615.png,8
00325.png,6
00267.png,6
06834.png,7
01374.png,4
06131.png,1
01771.png,8
04418.png,4
07393.png,1
02820.png,7
03524.png,5
00573.png,7
03090.png,6
02919.png,0
04901.png,5
05362.png,9
07034.png,7
05155.png,5
07025.png,4
02889.png,1
07938.png,8
05404.png,8
01209.png,1
02183.png,9
04335.png,8
04154.png,3
03358.png,9
05038.png,6
02689.png,0
02077.png,2
00875.png,6
02264.png,8
02868.png,8
06318.png,2
00790.png,6
00210.png,6
01193.png,4
05959.png,3
03869.png,4
05306.png,8
07447.png,6
02902.png,9
06038.png,0
06116.png,7
04880.png,7
07377.png,3
00039.png,2
06182.png,8
07255.png,5
00290.png,1
07215.png,4
03037.png,6
05927.png,0
06897.png,7
07340.png,4
01787.png,2
05298.png,6
00141.png,0
02984.png,5
01539.png,2
07804.png,2
02813.png,9
05332.png,8
04389.png,2
07503.png,1
04089.png,6
05932.png,5
03275.png,1
06730.png,8
04030.png,0
06543.png,6
06217.png,4
06692.png,1
06341.png,1
02906.png,1
07868.png,7
02027.png,5
06189.png,8
01371.png,9
07427.png,0
06161.png,0
01390.png,4
05665.png,6
03911.png,0
03806.png,7
06045.png,0
00603.png,6
03091.png,1
03746.png,0
00635.png,6
06864.png,3
05581.png,8
03153.png,3
07072.png,3
00920.png,0
07241.png,4
07927.png,5
05915.png,0
07832.png,2
00488.png,8
03515.png,3
05529.png,2
06324.png,9
07839.png,9
01381.png,4
01398.png,3
00230.png,7
07635.png,4
05968.png,4
04503.png,7
02783.png,5
01346.png,4
00438.png,2
07323.png,1
01749.png,5
05435.png,6
02156.png,1
05569.png,6
03771.png,7
04213.png,8
00083.png,5
03009.png,5
06929.png,7
01702.png,7
06106.png,2
06442.png,3
05934.png,2
05709.png,3
01229.png,2
04500.png,1
04726.png,3
03890.png,4
05629.png,7
05154.png,5
02344.png,4
02681.png,6
01219.png,0
05659.png,4
02187.png,5
07536.png,3
01684.png,7
07708.png,8
05761.png,6
02128.png,8
01025.png,1
02858.png,3
02217.png,9
06030.png,0
06397.png,7
05359.png,7
03659.png,2
04308.png,8
04816.png,8
06948.png,5
05517.png,4
04216.png,7
05582.png,9
06939.png,6
05500.png,9
05787.png,8
02727.png,4
02410.png,9
04549.png,6
02853.png,1
01335.png,0
05712.png,0
04229.png,6
06782.png,7
04672.png,4
04117.png,5
05791.png,5
01145.png,5
00589.png,0
06830.png,1
07221.png,8
04793.png,1
05876.png,9
06793.png,3
02233.png,3
04217.png,0
05775.png,1
04014.png,3
03092.png,7
06917.png,3
07165.png,8
01034.png,3
03865.png,9
06921.png,2
00343.png,6
02909.png,4
07956.png,3
01286.png,9
07617.png,3
06518.png,2
06733.png,3
00923.png,2
05903.png,5
01052.png,4
02055.png,6
05374.png,6
04009.png,7
01754.png,0
07799.png,6
02179.png,2
05465.png,3
00959.png,3
07936.png,9
07920.png,3
05745.png,1
03353.png,6
07238.png,1
04933.png,5
05181.png,7
06490.png,5
05664.png,3
00810.png,8
02737.png,7
03726.png,6
06011.png,0
04616.png,0
05888.png,0
02986.png,4
01561.png,9
05940.png,9
00616.png,7
00109.png,5
04916.png,0
06878.png,9
00501.png,6
03539.png,8
06186.png,4
04619.png,7
02249.png,5
07422.png,3
04451.png,8
03710.png,1
00582.png,1
03932.png,5
02009.png,5
04056.png,3
03067.png,4
02358.png,3
02121.png,1
06863.png,9
04072.png,3
01919.png,5
04952.png,7
03056.png,2
01963.png,6
05153.png,1
06594.png,9
04795.png,2
03008.png,4
06732.png,7
06562.png,2
05366.png,9
07054.png,4
03039.png,7
01706.png,9
00185.png,1
04528.png,8
04606.png,2
04689.png,8
05774.png,8
01572.png,4
06080.png,3
05024.png,1
03440.png,3
04765.png,0
04525.png,8
07253.png,9
00694.png,3
06555.png,9
03208.png,7
02567.png,8
00574.png,4
01921.png,0
07621.png,8
02437.png,5
01091.png,0
06160.png,9
01883.png,7
02266.png,3
01672.png,7
06067.png,0
02381.png,4
00339.png,7
01757.png,9
01487.png,1
06668.png,3
00763.png,4
06453.png,1
00266.png,3
04028.png,3
04440.png,0
01452.png,7
03398.png,0
02276.png,5
02563.png,8
04023.png,0
06396.png,1
07911.png,9
05851.png,4
05685.png,5
07709.png,4
07254.png,0
06527.png,0
05143.png,7
02160.png,5
03569.png,3
05575.png,1
03949.png,7
01571.png,0
07469.png,6
02892.png,6
06827.png,2
01821.png,4
01683.png,2
03701.png,3
01111.png,2
01393.png,8
06369.png,6
05784.png,0
06544.png,1
03853.png,6
06734.png,3
02002.png,6
00535.png,1
06329.png,6
01911.png,5
07013.png,4
03734.png,7
06493.png,2
07887.png,6
03793.png,5
04254.png,4
01066.png,2
00985.png,2
00551.png,6
03040.png,1
02459.png,2
02070.png,0
07019.png,6
00066.png,8
04076.png,2
03745.png,5
05540.png,0
02584.png,4
02553.png,4
07056.png,8
03220.png,8
02035.png,2
06248.png,0
00787.png,5
00248.png,0
04374.png,0
02441.png,2
04432.png,1
06314.png,8
01880.png,2
03131.png,1
05989.png,6
04193.png,7
04699.png,6
02429.png,7
07333.png,7
03116.png,4
01588.png,9
04192.png,3
00080.png,6
02569.png,2
03223.png,7
03778.png,2
05850.png,2
02524.png,5
01384.png,6
02473.png,0
07502.png,0
07571.png,0
00416.png,4
06726.png,0
05924.png,8
06521.png,8
02269.png,8
05554.png,6
07365.png,0
05001.png,1
07761.png,9
01365.png,8
06866.png,5
02686.png,7
02674.png,6
06427.png,7
00584.png,7
04470.png,1
06219.png,8
07689.png,9
05843.png,7
02585.png,5
03291.png,1
03249.png,9
01621.png,6
04963.png,9
06125.png,9
00232.png,9
04686.png,6
02328.png,7
01765.png,8
03152.png,4
06408.png,9
06598.png,9
00467.png,4
00408.png,8
02467.png,0
03345.png,6
07438.png,9
07325.png,5
05759.png,5
07802.png,4
03847.png,6
03337.png,3
05224.png,8
07622.png,5
07495.png,7
04882.png,2
03080.png,3
00850.png,4
06674.png,3
01383.png,2
06541.png,1
07047.png,1
04255.png,7
04147.png,3
07725.png,1
02969.png,1
06705.png,7
00485.png,6
00848.png,6
06633.png,6
02808.png,8
01356.png,0
01186.png,3
02661.png,7
02292.png,8
04497.png,2
04199.png,4
07280.png,5
05744.png,5
06126.png,6
00296.png,8
04554.png,3
02692.png,0
06581.png,0
02313.png,4
06254.png,5
00554.png,4
04331.png,4
01913.png,9
03603.png,2
07171.png,6
04571.png,8
00208.png,8
02874.png,6
07201.png,6
06813.png,0
06717.png,7
03679.png,7
01549.png,4
06681.png,4
06258.png,3
04450.png,6
06839.png,5
06869.png,0
04238.png,4
00498.png,6
07748.png,5
07647.png,6
04025.png,4
01291.png,1
02757.png,4
03749.png,3
01558.png,6
02273.png,9
03158.png,5
05520.png,8
00118.png,4
03697.png,3
00303.png,8
04393.png,6
03454.png,6
01789.png,3
00743.png,9
00904.png,3
05728.png,6
07649.png,1
06551.png,2
07623.png,1
01283.png,4
02519.png,4
04761.png,4
05892.png,6
01565.png,0
00122.png,7
04691.png,8
06575.png,3
00987.png,6
04833.png,6
00262.png,5
03250.png,1
04762.png,7
05711.png,9
04420.png,0
05688.png,0
06195.png,9
00925.png,7
05301.png,1
07316.png,6
03917.png,5
03773.png,0
05085.png,7
06476.png,8
07686.png,2
03124.png,9
07990.png,4
00672.png,0
04943.png,7
04593.png,7
05895.png,1
06240.png,0
00821.png,4
03997.png,1
02338.png,1
04341.png,7
02709.png,0
03871.png,8
04922.png,3
03990.png,1
05114.png,8
07266.png,4
06374.png,9
06190.png,6
06056.png,8
04070.png,2
02365.png,9
05452.png,0
01922.png,7
07561.png,7
06465.png,8
07793.png,4
02857.png,7
04895.png,5
01325.png,7
01517.png,7
00324.png,8
05528.png,2
00775.png,9
05687.png,7
07030.png,3
02761.png,7
03447.png,8
03138.png,3
00424.png,3
02680.png,2
06495.png,5
07196.png,1
05185.png,2
00399.png,1
01609.png,8
02130.png,0
07620.png,0
03280.png,8
00114.png,3
00465.png,7
07848.png,0
07082.png,7
02564.png,3
03467.png,5
04000.png,1
01866.png,7
06797.png,0
02373.png,9
07506.png,1
02955.png,6
06441.png,3
04094.png,6
06377.png,4
00036.png,3
03044.png,4
01576.png,5
04013.png,4
02390.png,1
01120.png,3
02846.png,9
05453.png,3
01767.png,0
06704.png,6
05721.png,0
01075.png,0
05284.png,7
02436.png,8
03801.png,8
02449.png,7
01895.png,6
06533.png,2
00596.png,2
06371.png,5
07206.png,5
02298.png,4
05097.png,0
06943.png,3
04103.png,6
05577.png,1
05231.png,2
05060.png,5
00527.png,6
04552.png,9
01814.png,3
07138.png,6
01632.png,2
04173.png,6
06044.png,2
05963.png,6
03180.png,1
03883.png,9
02673.png,8
07026.png,1
03756.png,6
03141.png,0
01716.png,6
00523.png,6
02654.png,9
06729.png,4
07487.png,8
03122.png,3
05407.png,3
00009.png,8
02458.png,9
02097.png,0
06221.png,7
04534.png,4
00564.png,6
03005.png,0
03795.png,4
07685.png,0
01461.png,3
06745.png,7
01250.png,3
00632.png,9
02511.png,7
06062.png,4
04114.png,8
03899.png,0
01925.png,9
00926.png,0
06402.png,9
02663.png,7
04169.png,0
01863.png,9
04311.png,5
04564.png,4
03961.png,4
01828.png,4
04017.png,2
07731.png,7
05328.png,8
00249.png,7
05025.png,5
07626.png,2
07764.png,9
04131.png,2
06960.png,3
00213.png,5
07338.png,8
03516.png,5
01667.png,4
01359.png,2
02268.png,3
02729.png,4
06790.png,8
02917.png,6
05713.png,4
05952.png,9
00364.png,0
01479.png,9
06456.png,8
05275.png,1
03943.png,8
03628.png,3
03738.png,1
07408.png,7
07169.png,7
01246.png,8
04476.png,3
01769.png,4
02263.png,2
04462.png,6
03112.png,7
07402.png,6
04249.png,8
07060.png,9
02532.png,4
05287.png,2
02023.png,9
05634.png,9
02502.png,6
00868.png,7
03068.png,0
06530.png,2
07857.png,2
04775.png,7
00705.png,1
01235.png,0
02966.png,6
00738.png,4
02942.png,4
02361.png,3
07863.png,9
04314.png,2
07674.png,4
03113.png,0
03032.png,3
00713.png,9
02520.png,9
05280.png,9
00434.png,4
06470.png,3
01292.png,7
01817.png,9
01678.png,2
01484.png,2
07926.png,6
03609.png,6
02627.png,6
01940.png,6
06002.png,2
01608.png,9
06648.png,5
03494.png,0
02575.png,9
05419.png,7
07140.png,6
02593.png,7
02419.png,6
02978.png,2
01243.png,8
02062.png,4
07884.png,6
06076.png,1
03504.png,0
07806.png,9
02192.png,7
05691.png,3
02657.png,3
02399.png,5
07826.png,5
06892.png,3
03349.png,4
00817.png,8
03251.png,0
00268.png,9
01265.png,1
06604.png,6
07285.png,7
01429.png,9
03934.png,2
01225.png,1
07151.png,7
00977.png,8
01945.png,4
02623.png,2
00055.png,5
00814.png,9
00051.png,9
07636.png,8
07358.png,3
04890.png,0
01597.png,4
04926.png,1
02444.png,0
05641.png,7
05746.png,8
05034.png,0
04812.png,3
02671.png,9
07544.png,3
02691.png,0
03046.png,9
07063.png,0
04294.png,5
07032.png,9
07944.png,6
02818.png,2
00933.png,3
07186.png,3
00450.png,6
05018.png,8
02660.png,9
03531.png,8
00683.png,0
07780.png,5
00462.png,6
07466.png,3
05604.png,1
04563.png,2
01498.png,5
01579.png,2
04270.png,6
04185.png,7
05671.png,8
00963.png,5
06343.png,2
05649.png,5
04350.png,4
03906.png,7
02492.png,5
03179.png,3
02639.png,6
01077.png,5
01391.png,2
00674.png,4
02998.png,1
04252.png,0
04269.png,0
00259.png,8
06591.png,7
05849.png,8
07907.png,1
04538.png,0
02672.png,4
03740.png,5
00468.png,9
05645.png,1
06310.png,6
02908.png,3
02272.png,9
02311.png,4
02531.png,3
01312.png,6
00261.png,3
06968.png,3
02560.png,1
06851.png,4
06455.png,9
07810.png,7
05108.png,6
03797.png,2
06626.png,6
07465.png,5
04996.png,5
02371.png,1
02052.png,2
07134.png,9
07042.png,3
05342.png,1
03438.png,0
03487.png,6
07282.png,1
00270.png,2
06629.png,2
00964.png,1
05277.png,0
02166.png,5
03996.png,3
07807.png,4
01123.png,9
00866.png,8
01544.png,5
07432.png,6
07434.png,7
04239.png,0
01887.png,8
06952.png,0
07545.png,3
07289.png,9
05822.png,6
06173.png,2
00662.png,5
04561.png,4
05094.png,8
05522.png,7
07464.png,2
06989.png,7
06039.png,8
03657.png,8
03621.png,7
07894.png,3
02800.png,2
06550.png,6
01051.png,2
05120.png,6
06344.png,1
00878.png,0
00508.png,7
05420.png,7
04644.png,6
06162.png,2
03093.png,5
02377.png,9
04166.png,5
06410.png,2
03478.png,0
06342.png,8
02088.png,6
00781.png,0
01102.png,5
05006.png,0
06655.png,0
00948.png,6
00855.png,9
00667.png,2
00823.png,1
07844.png,2
01147.png,8
05329.png,7
00622.png,8
01177.png,0
00280.png,3
02905.png,1
05254.png,7
03620.png,0
00327.png,3
01227.png,0
00136.png,2
07569.png,8
07471.png,7
01273.png,0
00607.png,4
00936.png,4
02555.png,0
02550.png,5
00458.png,1
02110.png,9
04132.png,6
00883.png,8
05556.png,2
03654.png,7
05986.png,6
01008.png,1
00910.png,8
04866.png,2
01124.png,6
01404.png,4
02740.png,2
01026.png,1
05461.png,7
00727.png,1
07242.png,5
04573.png,3
06953.png,7
01499.png,1
02076.png,9
07670.png,8
02048.png,1
01040.png,4
02732.png,8
01303.png,6
02896.png,6
04375.png,4
01082.png,7
06348.png,3
07646.png,9
06154.png,8
03065.png,0
02899.png,5
02977.png,9
01453.png,1
05770.png,5
00286.png,9
05317.png,8
07535.png,5
07268.png,8
04574.png,7
03513.png,1
00752.png,7
03794.png,3
06008.png,3
03709.png,7
00784.png,1
02085.png,9
03803.png,6
07361.png,7
04601.png,4
02781.png,5
06635.png,8
03744.png,4
02971.png,0
03271.png,9
07117.png,7
06388.png,5
01179.png,4
04453.png,5
00829.png,3
04859.png,1
06249.png,6
07319.png,6
07488.png,0
00831.png,1
03688.png,7
03455.png,5
04730.png,1
07355.png,5
02764.png,6
01493.png,2
06964.png,8
05229.png,0
07989.png,9
03815.png,4
06609.png,3
01735.png,5
07738.png,4
05292.png,7
04910.png,4
04137.png,4
03840.png,6
07246.png,8
04768.png,4
06259.png,4
07050.png,6
02195.png,1
00916.png,6
00714.png,4
07756.png,5
04693.png,0
03431.png,8
07307.png,7
05810.png,2
01199.png,6
05514.png,0
06699.png,3
00079.png,3
04884.png,1
00768.png,1
05384.png,1
03202.png,6
00455.png,7
04201.png,7
07243.png,0
03830.png,4
01279.png,9
04057.png,1
06675.png,5
03761.png,4
04384.png,0
02819.png,9
07113.png,5
01681.png,5
06661.png,2
04128.png,1
00924.png,5
04631.png,8
07730.png,1
02609.png,8
07614.png,2
01113.png,9
05929.png,9
00063.png,7
07118.png,1
00585.png,4
03430.png,9
01218.png,7
00161.png,3
07492.png,8
01253.png,0
06957.png,9
00283.png,1
07473.png,1
00929.png,9
04617.png,7
02428.png,6
00353.png,9
01042.png,2
01310.png,6
03966.png,8
01457.png,3
00093.png,3
06164.png,6
03085.png,8
04805.png,7
04031.png,2
01791.png,9
02362.png,5
05858.png,1
05166.png,5
04499.png,7
01183.png,3
06185.png,3
00937.png,7
02526.png,7
05621.png,5
00260.png,9
04879.png,0
01114.png,3
01741.png,3
07388.png,2
02001.png,0
04883.png,8
04101.png,2
07906.png,7
06771.png,4
02493.png,8
01010.png,4
01760.png,0
02188.png,6
02521.png,4
07055.png,8
04020.png,0
01825.png,1
02705.png,4
07273.png,7
04035.png,4
01687.png,8
03680.png,2
06325.png,2
01189.png,4
00448.png,7
05007.png,3
01142.png,2
06151.png,3
07462.png,5
01931.png,3
06842.png,7
00919.png,6
00718.png,1
07550.png,0
07782.png,1
03026.png,3
01675.png,6
05513.png,2
00698.png,2
05383.png,2
01281.png,1
02514.png,4
04367.png,5
07128.png,3
02738.png,0
06129.png,3
03723.png,6
05778.png,0
05642.png,6
07482.png,7
06336.png,2
00872.png,3
00503.png,4
03549.png,7
00649.png,3
04463.png,0
00701.png,7
03779.png,4
02641.png,8
06899.png,0
05995.png,4
01985.png,1
03988.png,2
00499.png,3
01491.png,2
03522.png,0
03501.png,9
04047.png,1
04073.png,3
02021.png,7
06014.png,2
05086.png,8
02144.png,4
04893.png,4
02483.png,0
04679.png,9
06787.png,7
05887.png,9
02980.png,4
06021.png,0
07189.png,6
02487.png,6
04774.png,7
05837.png,4
03922.png,2
07529.png,1
04676.png,6
01459.png,7
03611.png,8
07916.png,5
04857.png,9
00575.png,6
00512.png,5
03165.png,4
00737.png,9
06601.png,5
07161.png,7
06946.png,2
01888.png,6
07313.png,2
07589.png,5
00011.png,1
01411.png,2
00989.png,5
07357.png,5
06731.png,7
03142.png,7
06585.png,4
04232.png,5
06074.png,0
00724.png,2
03733.png,5
03312.png,8
03263.png,7
07732.png,4
06933.png,6
05045.png,0
03483.png,6
03952.png,8
07694.png,8
02175.png,5
04040.png,0
04361.png,0
02741.png,1
05051.png,8
06796.png,4
03034.png,5
00016.png,8
01756.png,1
00909.png,4
04870.png,0
00229.png,7
07000.png,1
02530.png,0
06749.png,8
06698.png,7
06032.png,4
06769.png,3
06003.png,7
02285.png,9
05418.png,2
02498.png,3
04180.png,2
06542.png,7
03842.png,1
07075.png,2
06747.png,6
07562.png,7
02215.png,7
01962.png,4
01248.png,3
05092.png,3
00315.png,0
06623.png,3
06755.png,0
04042.png,1
03231.png,7
00312.png,3
07172.png,9
02583.png,4
00020.png,6
04303.png,2
01731.png,6
02228.png,2
07880.png,5
01956.png,2
06887.png,5
04010.png,6
03512.png,2
05480.png,5
02516.png,1
07111.png,4
06140.png,6
06425.png,6
06904.png,8
06701.png,3
03804.png,6
04887.png,2
03302.png,6
03326.png,7
03216.png,6
04518.png,6
05973.png,1
06286.png,3
02786.png,5
03595.png,4
01775.png,7
05300.png,3
03373.png,7
00255.png,7
06853.png,4
04170.png,5
04066.png,0
02438.png,6
04598.png,5
06838.png,8
05489.png,2
05174.png,3
07457.png,4
00347.png,8
04480.png,6
06029.png,0
02927.png,2
02752.png,4
01899.png,9
02831.png,3
02581.png,8
03334.png,6
00396.png,4
05835.png,4
04811.png,5
06507.png,8
05780.png,4
00954.png,5
06649.png,1
01949.png,0
06753.png,7
00571.png,5
01725.png,6
06539.png,1
03443.png,2
05954.png,5
00791.png,9
07963.png,6
05982.png,3
03325.png,2
01581.png,0
01989.png,5
05142.png,1
04337.png,1
02452.png,2
01358.png,5
03489.png,0
05165.png,6
05131.png,7
02405.png,2
02448.png,2
06805.png,5
05126.png,8
03461.png,2
00634.png,7
01627.png,9
04474.png,3
04194.png,2
00212.png,2
03014.png,7
02817.png,6
07368.png,7
06505.png,1
01216.png,1
05139.png,4
06912.png,4
04712.png,6
05376.png,1
06355.png,7
02345.png,2
00188.png,6
00277.png,0
03864.png,4
04964.png,6
03658.png,7
00887.png,6
04735.png,8
02450.png,8
01992.png,6
01112.png,2
07579.png,5
03950.png,7
02599.png,8
07514.png,2
05122.png,7
03876.png,7
02707.png,5
01238.png,7
00952.png,0
07208.png,1
00306.png,9
03159.png,9
02098.png,5
00477.png,9
01258.png,3
04078.png,1
06280.png,3
07704.png,0
00430.png,6
06553.png,3
03490.png,9
03826.png,5
05605.png,0
06070.png,1
02810.png,9
07967.png,7
00116.png,5
03033.png,3
02883.png,8
07087.png,7
05005.png,9
03986.png,6
02595.png,4
01906.png,8
02755.png,8
07107.png,5
02771.png,6
00301.png,9
02127.png,5
02785.png,5
03499.png,5
04370.png,3
06879.png,6
01977.png,2
03879.png,0
04515.png,3
02721.png,3
03684.png,9
05773.png,6
00274.png,9
05875.png,7
03548.png,3
07309.png,7
04279.png,6
01486.png,4
00651.png,9
00151.png,7
03420.png,0
04797.png,6
07862.png,4
01651.png,4
04300.png,0
00265.png,0
01824.png,0
06136.png,4
00638.png,9
06696.png,3
03599.png,4
05084.png,2
00580.png,4
01261.png,1
00221.png,8
06967.png,6
04739.png,2
02115.png,9
01958.png,7
04965.png,8
01584.png,5
00898.png,7
06889.png,9
03268.png,3
00045.png,4
01818.png,6
02101.png,4
01795.png,0
07258.png,1
06872.png,8
01744.png,6
02252.png,1
01530.png,6
00088.png,7
02104.png,0
03229.png,5
00138.png,9
01166.png,7
04074.png,2
01200.png,4
07440.png,8
07724.png,3
05547.png,7
05028.png,1
03307.png,2
00052.png,7
04107.png,9
02141.png,7
00902.png,8
00789.png,1
03247.png,0
04941.png,6
00003.png,5
04033.png,0
06663.png,8
01578.png,6
01630.png,7
04253.png,9
02882.png,3
02933.png,7
04960.png,0
01101.png,3
05472.png,0
00170.png,9
02354.png,7
05815.png,4
01893.png,0
01918.png,9
06378.png,0
01275.png,2
06358.png,1
02245.png,3
03629.png,4
06951.png,7
03186.png,7
05327.png,3
04319.png,5
07625.png,8
04907.png,1
06554.png,5
04773.png,9
00749.png,2
05496.png,9
00366.png,0
00759.png,3
07439.png,6
02138.png,6
03207.png,1
03476.png,0
00559.png,5
03118.png,0
06500.png,0
02071.png,7
01836.png,1
07786.png,6
00570.png,8
05806.png,0
06430.png,7
07779.png,9
05450.png,9
06050.png,1
05253.png,4
06664.png,8
01372.png,1
03613.png,7
05012.png,9
03814.png,9
00545.png,9
03433.png,6
07979.png,9
07131.png,9
07089.png,6
07272.png,0
02124.png,4
01049.png,6
05264.png,4
03021.png,4
03066.png,8
07179.png,6
02517.png,7
03946.png,7
06998.png,6
00461.png,8
00224.png,9
05901.png,6
01021.png,7
01267.png,7
05493.png,1
02572.png,2
00947.png,8
00250.png,1
03544.png,8
01885.png,3
05916.png,9
02274.png,6
03344.png,6
01483.png,5
05731.png,4
02981.png,6
07661.png,6
02301.png,5
07248.png,6
07770.png,2
02346.png,5
06823.png,7
00500.png,0
03221.png,2
02747.png,2
02794.png,8
00539.png,6
05766.png,7
06433.png,9
07613.png,1
04502.png,9
01511.png,4
04759.png,7
06610.png,7
06242.png,0
01710.png,0
01855.png,2
05402.png,4
00460.png,7
01213.png,2
01642.png,2
05672.png,6
01991.png,3
03017.png,9
03400.png,1
07970.png,0
00238.png,6
07467.png,8
01298.png,1
04312.png,4
06191.png,2
04417.png,0
07812.png,6
07566.png,5
04559.png,1
00732.png,7
03286.png,3
07444.png,6
04250.png,6
05339.png,0
03043.png,6
05958.png,9
06678.png,7
01477.png,8
02656.png,5
05241.png,0
01917.png,0
07787.png,3
05813.png,0
05696.png,8
01704.png,4
07960.png,2
05149.png,8
03807.png,4
05872.png,2
06798.png,4
06742.png,7
05693.png,9
07581.png,7
04843.png,0
06706.png,5
04011.png,6
06416.png,3
02734.png,9
00569.png,0
04434.png,0
05676.png,1
00278.png,7
03370.png,9
04489.png,2
02735.png,7
03104.png,6
00251.png,5
00903.png,1
00515.png,2
07124.png,1
04386.png,5
05372.png,5
07890.png,8
00633.png,6
04398.png,2
07945.png,2
04732.png,1
02542.png,9
00531.png,0
02651.png,4
03905.png,3
03786.png,5
07971.png,3
03812.png,6
07610.png,9
04582.png,3
07183.png,4
06285.png,1
01392.png,1
06147.png,0
00428.png,8
01953.png,0
01951.png,4
03542.png,1
05330.png,7
04620.png,8
02598.png,5
05756.png,5
02505.png,9
01874.png,8
06768.png,7
07007.png,8
00125.png,4
03354.png,4
04382.png,4
06913.png,8
05401.png,8
02485.png,8
02512.png,5
01556.png,3
04969.png,0
04346.png,5
05347.png,7
01762.png,7
00583.png,7
04059.png,7
00432.png,0
02717.png,0
00978.png,1
05548.png,1
04713.png,9
05009.png,2
04803.png,0
03656.png,2
05151.png,6
03874.png,5
00842.png,0
07194.png,3
00561.png,4
03340.png,2
05464.png,5
07728.png,9
07597.png,0
05161.png,2
07702.png,7
03484.png,7
02092.png,7
00112.png,6
00890.png,3
06105.png,3
07847.png,2
00486.png,0
01083.png,2
00131.png,4
02886.png,2
00766.png,0
02117.png,3
02762.png,9
02776.png,8
01813.png,9
02203.png,1
02780.png,2
02142.png,4
03686.png,0
03053.png,0
05811.png,0
05633.png,8
06516.png,1
00897.png,3
04328.png,2
02944.png,4
05494.png,1
04467.png,9
00186.png,9
06150.png,9
01192.png,2
07406.png,6
02591.png,2
04129.png,8
03486.png,8
02295.png,1
03404.png,0
01563.png,0
01054.png,2
07518.png,1
02628.png,2
05893.png,6
06159.png,0
04675.png,8
01961.png,5
06379.png,1
05297.png,0
00782.png,1
00058.png,8
00199.png,8
07211.png,7
01688.png,0
03000.png,5
03829.png,1
02020.png,6
00822.png,9
05170.png,5
07688.png,1
03146.png,7
07859.png,1
06807.png,7
06167.png,0
05530.png,0
00295.png,6
04921.png,4
04865.png,4
05886.png,7
02049.png,7
01654.png,0
04271.png,0
01058.png,0
01202.png,3
01178.png,1
04186.png,8
02722.png,6
01842.png,4
06780.png,8
01930.png,1
03341.png,2
00142.png,0
01302.png,1
06482.png,6
00642.png,8
04098.png,1
00211.png,7
01664.png,3
07784.png,2
01024.png,7
05441.png,6
04602.png,7
03477.png,0
05250.png,8
06700.png,2
07496.png,5
03095.png,7
03070.png,8
04958.png,2
04695.png,1
06170.png,9
03238.png,8
02075.png,0
06802.png,5
04808.png,4
05978.png,2
03386.png,0
01221.png,0
04034.png,7
03424.png,4
07531.png,6
01877.png,1
06334.png,5
00707.png,6
02123.png,3
01301.png,1
03441.png,2
01121.png,4
02997.png,6
04917.png,6
06993.png,3
02704.png,9
00192.png,5
01686.png,1
00456.png,4
02014.png,8
00236.png,0
00440.png,6
00639.png,9
05631.png,7
06299.png,7
02036.png,7
05917.png,5
00568.png,8
07695.png,5
07259.png,3
02337.png,4
07889.png,4
03633.png,0
07976.png,2
07865.png,1
06777.png,5
04873.png,8
03817.png,1
03036.png,2
07090.png,3
03802.png,5
01103.png,1
01489.png,1
07079.png,4
01526.png,6
01509.png,5
01656.png,8
07070.png,5
04233.png,1
02005.png,2
06293.png,5
07168.png,2
04594.png,1
07827.png,3
07850.png,0
05431.png,3
00590.png,4
04625.png,9
04208.png,0
03471.png,5
00365.png,8
05053.png,6
05884.png,5
04501.png,6
06193.png,2
04179.png,7
03650.png,0
03612.png,8
04490.png,5
05356.png,2
02118.png,0
01110.png,5
00040.png,4
05587.png,6
01321.png,5
05326.png,8
04401.png,9
07233.png,0
00207.png,9
02284.png,7
05368.png,9
03564.png,5
02616.png,5
02007.png,6
06615.png,4
02854.png,1
03547.png,9
02649.png,8
05593.png,7
01745.png,4
00666.png,6
04175.png,6
01604.png,6
04966.png,4
00484.png,9
04404.png,0
07043.png,8
00566.png,2
06004.png,7
06200.png,2
04251.png,0
07024.png,3
04435.png,5
07925.png,4
02716.png,9
01163.png,6
04678.png,5
03160.png,5
05203.png,2
04340.png,7
07326.png,9
00196.png,5
06487.png,2
06301.png,5
03939.png,9
04630.png,4
07675.png,5
04387.png,5
07066.png,8
05495.png,9
06043.png,7
05928.png,1
07159.png,9
07062.png,1
03586.png,4
02294.png,8
03858.png,7
04982.png,1
00969.png,2
06592.png,6
05606.png,9
06311.png,4
02916.png,2
00880.png,7
01038.png,9
03902.png,8
02171.png,7
00167.png,8
01859.png,1
07912.png,6
00594.png,8
03128.png,3
04276.png,0
06850.png,2
04485.png,6
06088.png,4
02968.png,6
02372.png,2
01445.png,2
03378.png,2
07629.png,3
06266.png,3
01529.png,7
04741.png,4
00729.png,0
05313.png,4
07223.png,5
01466.png,1
00617.png,5
05953.png,6
07279.png,8
01230.png,6
02538.png,3
05896.png,5
02119.png,7
01849.png,3
01278.png,7
04091.png,4
01628.png,2
06919.png,2
03098.png,1
05738.png,2
01476.png,2
00521.png,1
01747.png,9
07663.png,5
07086.png,4
04792.png,6
01190.png,4
03206.png,3
04469.png,8
01856.png,6
03641.png,2
07095.png,1
05897.png,0
02748.png,9
03660.png,8
07415.png,0
07648.png,2
00645.png,6
04454.png,0
06320.png,8
03055.png,7
03843.png,8
01857.png,6
06075.png,2
01969.png,1
07508.png,0
03916.png,1
00032.png,2
06636.png,6
00888.png,1
06935.png,4
03243.png,2
07943.png,4
03136.png,2
04632.png,3
03475.png,3
03541.png,7
06333.png,1
02250.png,4
03343.png,7
04150.png,7
03520.png,5
00466.png,9
06861.png,0
00644.png,5
04339.png,1
05236.png,9
05524.png,1
05538.png,2
07192.png,8
02731.png,6
07735.png,0
01396.png,2
01242.png,5
06152.png,3
06855.png,7
02827.png,9
06406.png,2
01435.png,2
01831.png,0
03598.png,6
04715.png,5
04342.png,6
07928.png,7
04240.png,2
00300.png,3
04292.png,7
01602.png,9
04121.png,1
03189.png,5
05966.png,9
06856.png,8
02259.png,6
03228.png,1
04837.png,7
04776.png,8
04581.png,4
00747.png,3
00098.png,2
02904.png,9
03785.png,1
06292.png,5
00205.png,9
01340.png,6
00957.png,4
02481.png,3
03880.png,5
01536.png,7
06257.png,0
05948.png,0
00133.png,0
07981.png,5
02890.png,5
03029.png,8
07988.png,9
07592.png,0
02069.png,1
03759.png,2
00519.png,4
01569.png,8
01607.png,8
02947.png,7
02186.png,6
04863.png,4
00158.png,5
04048.png,9
01701.png,5
02315.png,5
05169.png,5
06437.png,4
06187.png,1
04696.png,9
05255.png,3
02839.png,8
05719.png,8
07615.png,7
02068.png,8
07122.png,4
07950.png,6
03782.png,2
03336.png,7
07294.png,2
01805.png,8
06233.png,6
05905.png,5
01720.png,3
07303.png,7
01276.png,7
01551.png,1
01055.png,8
05490.png,0
05217.png,1
04727.png,7
06653.png,5
02870.png,2
03219.png,1
04448.png,8
06537.png,0
04214.png,7
05456.png,3
07898.png,4
05073.png,2
05176.png,8
02534.png,3
06018.png,7
00577.png,7
03309.png,9
02401.png,7
04668.png,6
07755.png,0
05257.png,2
06833.png,7
02378.png,3
07973.png,0
07586.png,7
02624.png,6
04511.png,9
07668.png,4
02987.png,9
00235.png,5
05782.png,4
06619.png,7
03540.png,9
03463.png,5
04436.png,7
07039.png,2
04391.png,1
06137.png,7
06511.png,9
02614.png,7
00562.png,1
02096.png,9
05274.png,7
03616.png,8
06965.png,0
06407.png,6
07585.png,2
06739.png,4
02339.png,5
04368.png,2
02711.png,8
07245.png,4
07341.png,0
06647.png,6
07656.png,3
00215.png,4
01387.png,8
06603.png,4
03330.png,1
03163.png,3
01944.png,5
07375.png,3
02087.png,6
00307.png,7
03643.png,8
05220.png,6
06163.png,4
02875.png,8
01868.png,9
03188.png,7
06138.png,1
03798.png,8
07605.png,3
02784.png,5
00022.png,4
06457.png,2
05196.png,9
04779.png,7
02921.png,4
05690.png,4
02867.png,5
05941.png,5
05830.png,2
07380.png,8
00025.png,8
07220.png,4
01266.png,3
00482.png,2
03708.png,5
02387.png,7
03995.png,9
03264.png,2
00329.png,8
07281.png,7
02388.png,2
01708.png,9
04894.png,5
05862.png,5
07684.png,3
04022.png,4
01633.png,4
00291.png,8
02631.png,0
03521.png,8
06670.png,4
05352.png,6
05076.png,7
03687.png,4
04930.png,8
02774.png,1
00162.png,8
02113.png,4
04097.png,8
04912.png,7
04378.png,0
05729.png,3
04623.png,8
07572.png,7
07766.png,4
00740.png,0
04721.png,2
00400.png,2
01337.png,9
00057.png,7
05333.png,9
00795.png,5
06034.png,7
07632.png,1
03100.png,1
07337.png,7
00935.png,8
07552.png,1
03776.png,4
05479.png,2
03591.png,9
04306.png,6
05867.png,7
01872.png,0
06794.png,4
02310.png,5
01583.png,0
07507.png,6
01780.png,6
00984.png,2
00510.png,7
07543.png,9
02095.png,7
01532.png,7
03926.png,7
06047.png,3
02089.png,4
01422.png,0
00316.png,5
07446.png,1
01739.png,3
05132.png,1
07360.png,4
04364.png,4
04753.png,1
07833.png,2
03234.png,2
02357.png,7
00411.png,0
07902.png,0
01823.png,2
02434.png,3
05885.png,5
06209.png,4
00476.png,5
07370.png,5
07904.png,5
06282.png,0
01162.png,7
00281.png,6
05323.png,0
03405.png,6
05360.png,8
00258.png,3
04302.png,5
07419.png,5
03123.png,1
03850.png,2
03099.png,5
02601.png,3
00004.png,8
02489.png,1
01423.png,3
06245.png,1
05832.png,6
02618.png,3
06103.png,7
04413.png,3
02422.png,7
05160.png,4
07567.png,7
06272.png,0
06466.png,5
07226.png,5
04492.png,4
04162.png,7
03429.png,2
06607.png,8
00518.png,2
00480.png,6
07430.png,6
00797.png,2
01788.png,0
03171.png,0
01056.png,5
00757.png,8
06924.png,4
05031.png,8
01979.png,4
00425.png,3
03308.png,5
00665.png,2
06844.png,3
02772.png,4
00828.png,4
07727.png,5
03991.png,7
02164.png,7
06113.png,3
06040.png,9
06439.png,9
04640.png,8
02229.png,2
00981.png,2
03518.png,9
07410.png,5
07343.png,5
04841.png,1
05140.png,8
05750.png,5
03110.png,0
04633.png,0
00511.png,4
04520.png,9
02331.png,0
02322.png,3
04429.png,5
03825.png,7
07010.png,9
02837.png,7
01129.png,1
06903.png,4
07891.png,5
00130.png,3
00524.png,3
04621.png,3
05052.png,0
02821.png,9
02090.png,1
00671.png,8
07710.png,4
05637.png,2
00414.png,1
06724.png,7
05532.png,1
05483.png,9
03844.png,2
02226.png,5
01867.png,9
06602.png,6
03177.png,5
01865.png,7
06972.png,1
05413.png,0
07769.png,9
03578.png,0
06547.png,3
03788.png,7
01496.png,6
06322.png,4
07660.png,3
06339.png,5
02605.png,6
02367.png,4
06557.png,7
04318.png,4
04130.png,6
04767.png,3
04868.png,8
04956.png,9
05190.png,5
05652.png,0
02851.png,5
02561.png,7
04104.png,0
07637.png,7
04551.png,4
03409.png,9
05960.png,4
04071.png,8
03768.png,0
03061.png,6
05613.png,2
01647.png,5
05325.png,3
02687.png,1
00546.png,9
02072.png,2
02862.png,2
00505.png,5
05387.png,4
07175.png,2
02877.png,5
07499.png,8
02964.png,3
04784.png,2
02826.png,7
03079.png,0
03137.png,2
02240.png,2
07788.png,5
05708.png,5
05557.png,4
03530.png,4
06513.png,5
06212.png,3
02823.png,2
00538.png,3
07263.png,5
07541.png,6
03102.png,3
03063.png,4
00961.png,1
03087.png,1
04897.png,0
00912.png,9
00070.png,4
02939.png,4
01031.png,2
04572.png,7
05047.png,5
06477.png,8
07900.png,2
06387.png,0
01761.png,0
01309.png,7
07961.png,0
05674.png,6
01349.png,3
04748.png,3
06300.png,1
07824.png,1
00289.png,7
07664.png,0
04936.png,5
07946.png,5
02910.png,1
04425.png,5
07334.png,8
02125.png,6
03895.png,0
03730.png,8
02242.png,9
01449.png,7
03227.png,3
05233.png,4
04189.png,4
03762.png,5
00037.png,0
03644.png,7
03705.png,5
03631.png,4
02529.png,2
05319.png,1
00172.png,8
07460.png,1
01284.png,2
01420.png,9
01692.png,5
07892.png,8
02763.png,7
00657.png,8
00704.png,4
04219.png,0
04296.png,6
06502.png,8
01245.png,0
00341.png,7
06765.png,5
00019.png,2
07073.png,2
03903.png,3
07028.png,2
02571.png,6
00967.png,6
07901.png,7
02552.png,3
05029.png,0
02151.png,2
00593.png,5
02632.png,1
03789.png,8
03299.png,8
04062.png,2
05162.png,8
06363.png,8
00576.png,3
07127.png,6
01426.png,6
00962.png,8
07142.png,9
07712.png,6
06052.png,3
01297.png,0
01345.png,8
07399.png,9
02533.png,3
03442.png,1
05656.png,7
05497.png,5
03777.png,2
02325.png,8
01000.png,1
04414.png,4
03439.png,5
05767.png,1
04677.png,3
02122.png,8
00598.png,2
04659.png,8
06549.png,4
04736.png,3
07955.png,8
02642.png,0
05110.png,6
06526.png,1
00463.png,7
03914.png,1
00968.png,1
01719.png,4
04526.png,6
00807.png,8
07930.png,4
03427.png,7
05902.png,6
03265.png,6
05432.png,4
05911.png,9
07157.png,7
02643.png,7
01871.png,7
02594.png,3
06504.png,7
00664.png,3
06580.png,9
02983.png,3
01593.png,4
05172.png,2
00405.png,6
04813.png,0
06622.png,2
02907.png,1
05440.png,3
05209.png,0
06364.png,2
02523.png,6
00419.png,3
07654.png,3
00155.png,8
04298.png,9
05136.png,6
07523.png,3
04530.png,7
01241.png,0
05938.png,8
05285.png,9
01844.png,1
07283.png,1
02360.png,0
02715.png,2
00755.png,2
04029.png,2
06922.png,9
05695.png,7
07199.png,2
03933.png,8
03388.png,5
04946.png,0
04990.png,0
06608.png,6
06506.png,9
01746.png,7
06036.png,7
04729.png,9
05854.png,7
06033.png,8
02262.png,8
07651.png,2
06496.png,9
01463.png,4
07236.png,7
04327.png,8
06135.png,6
07673.png,7
03942.png,6
05974.png,6
01344.png,9
05358.png,4
04798.png,7
01307.png,3
00321.png,1
07445.png,2
03197.png,4
04622.png,3
06471.png,3
01993.png,4
04258.png,4
04781.png,6
02791.png,0
00053.png,8
07135.png,3
02832.png,1
05944.png,9
05056.png,0
02200.png,0
00966.png,5
05845.png,8
02736.png,0
05039.png,9
00426.png,9
05367.png,4
04125.png,1
05365.png,5
02050.png,3
04685.png,8
02592.png,1
01137.png,7
00847.png,3
03436.png,9
03546.png,2
00856.png,3
06627.png,7
06234.png,7
06399.png,4
04580.png,3
00086.png,2
07650.png,6
02920.png,9
06273.png,4
06459.png,7
07785.png,3
05252.png,3
01520.png,7
07998.png,0
06821.png,1
03715.png,7
00731.png,7
03327.png,3
02613.png,7
07092.png,1
04635.png,0
01256.png,7
00406.png,5
05353.png,1
05116.png,7
02952.png,3
06766.png,6
00857.png,5
01255.png,5
00730.png,9
06100.png,0
03458.png,0
04427.png,1
04223.png,8
05446.png,1
07277.png,4
07076.png,7
02484.png,5
02714.png,3
00733.png,8
01017.png,5
05965.png,7
05518.png,7
05760.png,2
03397.png,5
07972.png,4
01105.png,9
06304.png,1
01308.png,7
01211.png,8
01904.png,8
01139.png,8
01776.png,9
07064.png,3
04498.png,2
04911.png,6
01416.png,4
00328.png,2
03485.png,0
02638.png,6
00332.png,8
00776.png,2
06288.png,0
02802.png,6
05032.png,8
00390.png,2
07385.png,8
00600.png,7
06497.png,7
02150.png,9
07040.png,9
07512.png,2
05077.png,7
03004.png,5
05980.png,5
02379.png,2
03084.png,1
03027.png,5
03047.png,1
04428.png,2
05079.png,4
07103.png,1
01907.png,2
01722.png,0
04983.png,5
00958.png,0
00811.png,0
02260.png,3
01986.png,5
01830.png,2
01954.png,8
01164.png,7
01149.png,0
07957.png,6
06462.png,8
05871.png,5
02267.png,4
01128.png,0
00786.png,3
06192.png,6
05839.png,8
06540.png,8
05926.png,4
00323.png,2
00812.png,8
07150.png,6
05488.png,7
06366.png,8
02480.png,1
06270.png,7
04139.png,7
07874.png,7
02633.png,6
00014.png,7
07573.png,7
04976.png,5
02111.png,7
00077.png,9
02644.png,0
07067.png,9
00354.png,6
02000.png,7
00631.png,0
01862.png,9
04986.png,0
04562.png,8
05985.png,1
03588.png,8
04486.png,8
06893.png,4
07270.png,1
02224.png,9
07985.png,5
01852.png,9
07752.png,5
07085.png,9
00401.png,7
01158.png,4
06683.png,7
02718.png,4
05908.png,7
06208.png,8
06168.png,7
05227.png,3
02706.png,5
01419.png,2
06268.png,0
04419.png,0
01894.png,4
02769.png,8
02508.png,6
04953.png,7
06978.png,3
07825.png,4
07783.png,2
01506.png,4
07395.png,6
03647.png,3
04548.png,5
06340.png,3
01850.png,1
02556.png,2
00348.png,6
02488.png,9
07915.png,5
03329.png,2
06578.png,2
05187.png,2
05736.png,4
05448.png,5
03396.png,8
06078.png,4
06576.png,9
07631.png,6
05821.png,2
03848.png,4
06908.png,1
00423.png,9
03735.png,4
05127.png,5
02611.png,3
04134.png,9
05975.png,4
05553.png,0
00441.png,9
01596.png,1
06048.png,3
07188.png,1
00900.png,8
07065.png,6
01896.png,1
02363.png,6
03689.png,3
02406.png,7
03868.png,0
01878.png,9
04158.png,5
06744.png,9
05041.png,1
05129.png,2
06803.png,9
06599.png,0
02699.png,5
05689.png,5
03607.png,1
07594.png,0
00613.png,6
04272.png,8
01976.png,9
05967.png,5
01208.png,0
02602.png,1
05881.png,2
01197.png,1
05507.png,6
02271.png,8
01886.png,0
06347.png,8
04643.png,9
00543.png,6
00865.png,1
06885.png,3
02500.png,0
07707.png,7
04955.png,1
03411.png,4
02486.png,1
02834.png,5
01063.png,2
02518.png,1
03261.png,4
02959.png,7
03615.png,3
02170.png,5
07156.png,0
00145.png,7
02289.png,9
06789.png,0
06926.png,5
01773.png,6
06440.png,6
07295.png,0
06882.png,9
07781.png,7
04408.png,3
01585.png,5
02665.png,4
05138.png,5
04570.png,5
04221.png,7
01126.png,3
06372.png,8
07879.png,7
03107.png,6
01473.png,3
01050.png,0
02299.png,1
07882.png,6
04149.png,9
05163.png,7
05425.png,7
07733.png,4
04421.png,6
06620.png,2
06916.png,2
02586.png,5
01360.png,8
05616.png,0
00886.png,6
05574.png,6
07420.png,8
01465.png,4
07166.png,3
00195.png,4
00245.png,4
05346.png,7
04634.png,2
07794.png,8
05720.png,9
03267.png,3
01089.png,5
07174.png,2
03667.png,7
04688.png,1
07486.png,0
07525.png,8
00168.png,3
05890.png,5
07397.png,3
07051.png,0
02710.png,5
05749.png,6
02513.png,8
05014.png,4
01154.png,6
07537.png,6
06894.png,0
01643.png,1
01816.png,9
05694.png,1
03566.png,6
05805.png,5
04862.png,8
02011.png,9
07376.png,9
03272.png,0
01376.png,0
03381.png,6
06202.png,4
00242.png,6
02185.png,4
02865.png,8
03035.png,3
01207.png,6
07084.png,1
03500.png,8
07522.png,2
04466.png,5
02590.png,4
04110.png,6
05584.png,5
00447.png,4
01319.png,0
07560.png,0
05933.png,8
03976.png,2
03062.png,1
05068.png,2
04667.png,9
05091.png,7
07796.png,7
02787.png,7
02409.png,3
04320.png,8
07683.png,4
07331.png,0
07838.png,4
07883.png,6
02443.png,0
03676.png,0
05910.png,9
07987.png,2
02469.png,3
03913.png,1
06718.png,2
00691.png,1
06874.png,6
02472.png,3
02778.png,3
01923.png,4
02382.png,6
03859.png,6
03288.png,0
01397.png,5
00078.png,2
06426.png,1
06762.png,3
05363.png,5
05334.png,1
05596.png,1
06556.png,7
01014.png,2
02749.png,5
01060.png,1
01451.png,7
03356.png,1
03119.png,3
07468.png,9
04796.png,0
07772.png,2
05004.png,7
03230.png,8
01228.png,0
06260.png,9
03846.png,0
03074.png,5
01156.png,5
07152.png,4
05451.png,0
05771.png,7
03838.png,1
07158.png,2
06265.png,5
03258.png,2
00370.png,3
01586.png,7
00041.png,5
06958.png,8
04402.png,3
01138.png,3
01494.png,9
03944.png,7
04766.png,8
00226.png,7
00793.png,1
04206.png,2
05305.png,0
05141.png,7
02573.png,4
03763.png,2
07287.png,0
01231.png,3
03269.png,8
03828.png,3
00202.png,2
02417.png,3
04817.png,2
05442.png,0
00121.png,8
04769.png,6
07292.png,5
07435.png,9
00939.png,5
07210.png,8
03020.png,9
05741.png,9
05739.png,9
05803.png,2
00383.png,8
03183.png,5
04535.png,8
02355.png,8
01327.png,8
01560.png,7
00033.png,1
00179.png,6
06656.png,2
05919.png,7
02054.png,0
01339.png,4
01768.png,3
03154.png,8
01594.png,8
02335.png,0
05573.png,5
04772.png,8
07390.png,7
07742.png,4
07328.png,3
00363.png,4
04477.png,7
07252.png,8
04443.png,4
01181.png,3
04906.png,1
02477.png,7
06785.png,4
01619.png,6
01783.png,0
07373.png,9
05801.png,6
03953.png,7
03927.png,9
06826.png,9
00433.png,1
03791.png,9
00754.png,6
05914.png,7
01964.png,1
06095.png,7
06184.png,5
07234.png,1
00190.png,1
03724.png,3
00393.png,9
03435.png,2
07527.png,0
07069.png,5
07485.png,1
00177.png,9
07330.png,3
04979.png,6
06637.png,8
00420.png,4
06558.png,0
07556.png,1
07576.png,8
07601.png,8
04770.png,5
03870.png,7
04994.png,8
00744.png,2
04531.png,4
01527.png,1
04262.png,7
01043.png,8
07470.png,9
06065.png,3
05515.png,3
07630.png,6
00588.png,5
05585.png,9
04424.png,7
04752.png,3
03592.png,7
01084.png,4
03205.png,0
01947.png,7
05817.png,3
01522.png,1
07790.png,1
04821.png,6
05309.png,0
00091.png,2
03632.png,3
07426.png,3
00788.png,7
04957.png,2
06415.png,2
03837.png,9
03781.png,1
04992.png,2
04491.png,4
05303.png,4
07306.png,8
01293.png,2
06792.png,8
05730.png,1
03290.png,9
03750.png,0
01427.png,0
05400.png,5
01618.png,4
04981.png,1
04155.png,3
03134.png,6
02670.png,9
03318.png,0
01800.png,9
06880.png,2
01188.png,1
05268.png,1
07851.png,5
00371.png,8
06306.png,5
02135.png,8
05579.png,5
02843.png,0
05943.png,8
05976.png,0
05686.png,7
04590.png,4
02426.png,8
00532.png,7
07498.png,4
01015.png,6
03780.png,1
07078.png,9
05737.png,1
02996.png,9
01926.png,1
03402.png,5
06936.png,2
02805.png,9
05239.png,5
07017.png,3
00431.png,3
02342.png,7
05134.png,3
01901.png,8
02648.png,9
02146.png,8
00739.png,8
06134.png,8
05716.png,8
03558.png,9
05969.png,0
01717.png,8
01170.png,4
05349.png,6
05343.png,3
00318.png,6
02430.png,1
01240.png,1
05870.png,9
04860.png,0
01314.png,8
04710.png,1
03993.png,8
04344.png,9
03379.png,1
01999.png,1
00120.png,6
05794.png,7
07563.png,1
02219.png,5
07679.png,0
06743.png,5
05828.png,1
07109.png,4
00544.png,7
05667.png,1
03129.png,3
05218.png,4
04858.png,9
07876.png,7
05304.png,7
03640.png,3
07718.png,0
05055.png,5
06686.png,6
04163.png,1
07329.png,2
03624.png,3
07130.png,0
04507.png,3
00777.png,4
03861.png,1
05523.png,1
02474.png,4
02145.png,5
00489.png,7
02742.png,7
02400.png,4
04639.png,5
02197.png,9
02045.png,5
07516.png,4
01546.png,5
00711.png,1
03060.png,4
07974.png,1
02255.png,7
01490.png,9
02570.png,3
00892.png,5
07700.png,7
03552.png,0
05150.png,6
07982.png,7
06583.png,9
03278.png,9
02029.png,9
00660.png,0
05722.png,6
05061.png,7
03151.png,9
04962.png,6
05508.png,6
02850.png,8
05469.png,5
05698.png,1
03305.png,0
00374.png,8
01299.png,3
01259.png,1
04521.png,4
03896.png,4
06651.png,7
00113.png,7
00858.png,5
02286.png,0
05852.png,7
07657.png,7
06571.png,1
01891.png,7
02051.png,8
06985.png,8
05178.png,9
01254.png,2
06979.png,4
05509.png,3
05015.png,3
04597.png,8
03333.png,6
03559.png,6
07995.png,6
00368.png,6
07204.png,3
00851.png,6
00542.png,2
05299.png,8
03831.png,9
07021.png,2
03567.png,8
04541.png,3
06422.png,4
05388.png,6
00102.png,0
01700.png,1
04090.png,3
05510.png,6
05644.png,7
03920.png,2
03813.png,9
04939.png,2
01081.png,7
01362.png,1
01983.png,0
01428.png,9
05889.png,2
06546.png,1
00415.png,0
00067.png,2
07706.png,8
01914.png,4
04931.png,2
03974.png,0
06261.png,1
06308.png,3
07797.png,2
01130.png,3
06815.png,6
02349.png,6
06328.png,5
06659.png,8
04810.png,2
06825.png,2
04168.png,7
06709.png,0
01198.png,4
05216.png,3
05753.png,0
00367.png,7
03432.png,4
00035.png,0
00648.png,8
06639.png,0
07909.png,0
05247.png,3
04055.png,5
03491.png,7
03653.png,3
03580.png,5
00799.png,3
01625.png,4
04692.png,1
01204.png,5
03691.png,5
00222.png,2
05270.png,0
02901.png,9
03835.png,0
02163.png,7
03414.png,5
06746.png,9
04122.png,2
04778.png,8
03266.png,8
02558.png,3
01173.png,3
02758.png,9
00252.png,1
03503.png,6
03317.png,1
06754.png,7
03992.png,9
04376.png,2
01640.png,1
04334.png,5
04600.png,3
05357.png,8
02326.png,5
04123.png,3
05345.png,4
07392.png,7
03690.png,6
02566.png,4
05571.png,3
04336.png,5
06818.png,2
00100.png,4
07154.png,3
03054.png,8
02970.png,4
00547.png,7
04872.png,9
06368.png,4
07144.png,5
01382.png,9
00314.png,1
02330.png,4
07296.png,2
06383.png,2
00854.png,7
00661.png,2
06238.png,8
04827.png,7
06728.png,5
05013.png,0
00349.png,6
03415.png,2
02701.png,6
05106.png,6
01848.png,5
03101.png,3
04461.png,7
00027.png,9
01413.png,3
00180.png,7
06740.png,6
06713.png,7
00602.png,2
04505.png,8
06020.png,1
07628.png,3
00034.png,0
06525.png,4
04228.png,3
00871.png,7
02840.png,8
00502.png,3
06596.png,7
01471.png,0
05080.png,5
02625.png,0
00473.png,6
01210.png,9
07203.png,5
03594.png,3
03273.png,5
03383.png,4
00389.png,0
02044.png,5
01882.png,9
07854.png,0
05564.png,4
03638.png,6
07549.png,2
03898.png,1
07153.png,5
03931.png,3
07711.png,9
00578.png,2
06666.png,5
00894.png,0
06211.png,2
04924.png,8
05586.png,0
04819.png,1
04338.png,7
05725.png,4
07012.png,1
05826.png,5
01755.png,8
05991.png,6
07421.png,1
05748.png,8
06858.png,5
00288.png,9
03496.png,8
05546.png,3
02137.png,3
01915.png,6
06390.png,1
02181.png,8
05078.png,8
02209.png,9
04441.png,7
03335.png,7
03751.png,8
04487.png,6
04510.png,4
06631.png,5
00218.png,6
04543.png,7
05533.png,6
07933.png,6
05043.png,8
03602.png,3
02935.png,2
02413.png,5
05626.png,2
00228.png,5
07949.png,0
02031.png,6
01606.png,8
05193.png,0
06763.png,8
02847.png,9
00915.png,6
03683.png,0
07777.png,7
07771.png,8
05266.png,1
07394.png,8
06561.png,1
03493.png,5
07120.png,7
07574.png,0
01353.png,9
03721.png,9
05935.png,7
01194.png,1
01474.png,0
01960.png,7
05796.png,4
05588.png,5
01540.png,5
05825.png,3
01890.png,0
02789.png,9
03225.png,9
05148.png,8
04856.png,2
00263.png,9
06158.png,2
01468.png,0
01785.png,9
01068.png,0
06102.png,9
06570.png,1
01013.png,7
03169.png,3
05777.png,5
07474.png,2
04830.png,9
00658.png,0
04723.png,1
02191.png,0
00549.png,6
00591.png,7
03192.png,4
00820.png,3
02956.png,5
06128.png,8
06460.png,7
00459.png,7
06278.png,1
04716.png,7
00272.png,9
02958.png,2
03332.png,7
02676.png,6
01615.png,5
04415.png,2
02341.png,0
03904.png,6
02182.png,2
02580.png,3
02963.png,0
05913.png,5
05117.png,1
04058.png,4
00002.png,6
07398.png,7
03960.png,3
01041.png,0
01729.png,3
01462.png,1
03672.png,2
04472.png,8
01637.png,5
05677.png,3
00548.png,6
07587.png,8
05286.png,8
02241.png,5
01870.png,1
05144.png,9
03001.png,4
07959.png,0
04369.png,9
00216.png,3
07461.png,6
04846.png,7
00949.png,8
07559.png,1
00756.png,7
00064.png,0
01557.png,6
04928.png,7
05377.png,5
04352.png,2
00772.png,8
07604.png,8
06694.png,8
01777.png,9
02227.png,0
05920.png,9
04945.png,8
06054.png,3
03456.png,7
02140.png,7
04394.png,0
07521.png,8
06365.png,3
03866.png,3
06345.png,5
05395.png,7
00244.png,0
06061.png,1
03508.png,6
05208.png,9
05279.png,0
06980.png,8
02770.png,6
02682.png,8
04235.png,4
02798.png,7
01408.png,6
02507.png,6
02885.png,8
05271.png,3
07112.png,9
03224.png,1
00201.png,4
06155.png,5
04954.png,9
07416.png,2
06954.png,7
05950.png,8
05918.png,2
04212.png,7
03452.png,7
01443.png,8
04191.png,9
02478.png,0
02990.png,4
01185.png,0
05455.png,6
01088.png,1
06719.png,5
04273.png,6
00723.png,6
00184.png,3
06114.png,0
00276.png,0
04899.png,6
04278.png,4
04447.png,3
00153.png,7
06759.png,5
04406.png,4
06023.png,9
06690.png,2
07681.png,2
04177.png,3
00062.png,3
05462.png,2
04358.png,1
05543.png,4
00171.png,3
07180.png,8
00745.png,9
00435.png,1
02318.png,5
03111.png,3
01424.png,8
02777.png,5
06657.png,9
05044.png,8
04220.png,8
04236.png,5
04357.png,4
07584.png,7
01282.png,9
04612.png,8
06905.png,3
07045.png,5
04026.png,2
02017.png,9
05177.png,3
02658.png,9
02522.png,3
06535.png,1
02828.png,4
06986.png,0
04446.png,6
07057.png,3
00493.png,1
02080.png,7
04313.png,2
04569.png,9
02061.png,6
00147.png,6
05475.png,5
00986.png,5
01326.png,0
01311.png,4
03346.png,1
05410.png,0
01155.png,6
03468.png,0
02675.png,9
01191.png,8
01697.png,3
07147.png,6
05351.png,1
04050.png,4
03694.png,5
04399.png,2
01966.png,4
03252.png,0
02059.png,0
03416.png,7
07548.png,7
04264.png,7
05998.png,6
03617.png,6
02018.png,7
03466.png,7
03808.png,0
00601.png,3
04458.png,2
00833.png,4
04642.png,2
06566.png,8
04197.png,2
07083.png,3
02589.png,6
04475.png,7
05194.png,5
06736.png,7
07244.png,5
06349.png,8
05249.png,5
01763.png,5
04409.png,3
07593.png,7
02008.png,6
06188.png,0
00619.png,2
07542.png,5
04141.png,5
02855.png,0
00960.png,0
01543.png,0
07910.png,8
00417.png,1
05414.png,5
01935.png,3
05146.png,6
06621.png,5
02876.png,9
05379.png,6
06770.png,7
02664.png,5
06563.png,7
04751.png,7
04231.png,7
02212.png,3
03257.png,7
06013.png,9
05563.png,1
04203.png,8
02040.png,6
03823.png,6
03127.png,2
03175.png,5
05168.png,1
06845.png,4
04974.png,8
05386.png,2
04065.png,8
05878.png,9
01987.png,3
06774.png,0
07178.png,7
03702.png,6
02751.png,2
00031.png,6
04874.png,7
04144.png,7
05812.png,0
00297.png,2
04875.png,8
05066.png,8
07317.png,4
00604.png,1
02332.png,9
04305.png,0
04656.png,0
06352.png,0
00481.png,9
07757.png,1
05427.png,2
04442.png,8
05971.png,6
02989.png,2
05057.png,8
01694.png,9
07260.png,8
00352.png,6
02754.png,1
06220.png,0
00774.png,5
02961.png,6
03989.png,2
04855.png,2
04777.png,6
02010.png,0
07129.png,1
03380.png,9
07105.png,1
06956.png,7
04814.png,0
05240.png,1
07767.png,9
02439.png,2
01793.png,4
04140.png,0
04881.png,5
06226.png,7
06486.png,7
01067.png,7
04111.png,2
05591.png,6
00422.png,1
05684.png,3
02965.png,0
00620.png,5
06809.png,8
02549.png,0
07966.png,9
00491.png,8
02760.png,1
07207.png,0
07809.png,9
03374.png,9
03536.png,6
06752.png,5
00043.png,6
07840.png,8
04845.png,2
06532.png,9
02084.png,2
06644.png,0
06927.png,6
05776.png,0
07705.png,5
01936.png,7
04987.png,7
04032.png,1
04842.png,4
06296.png,9
00182.png,0
03956.png,4
01736.png,6
07335.png,5
04285.png,2
03226.png,6
07061.png,7
00689.png,5
04900.png,9
03088.png,9
03031.png,2
02307.png,1
04913.png,2
04802.png,6
04108.png,9
05008.png,3
06538.png,0
03670.png,9
05710.png,8
03351.png,0
00587.png,4
03248.png,4
05578.png,9
06469.png,5
04115.png,2
07547.png,8
02911.png,2
03765.png,3
07715.png,9
01439.png,0
01554.png,4
03281.png,3
03529.png,3
03673.png,7
00333.png,9
04113.png,1
07743.png,6
07247.png,5
04950.png,1
06145.png,9
07284.png,5
05899.png,1
01196.png,1
04542.png,8
01641.png,7
06429.png,7
03743.png,9
06305.png,3
03523.png,0
05405.png,8
00841.png,9
03495.png,2
01096.png,7
03181.png,4
03725.png,9
01437.png,7
01766.png,7
02329.png,3
02991.png,1
03233.png,2
04973.png,4
06066.png,2
06055.png,4
00553.png,9
07059.png,9
01582.png,1
01352.png,0
07453.png,4
03176.png,2
04349.png,0
04422.png,7
06445.png,2
01482.png,7
07428.png,9
05428.png,1
06910.png,8
00319.png,7
04506.png,2
00241.png,0
04027.png,6
07986.png,7
04356.png,3
02074.png,7
06094.png,3
06108.png,4
05757.png,6
00331.png,0
05734.png,0
06275.png,1
05558.png,8
02464.png,7
01080.png,3
05863.png,7
07014.png,6
06522.png,8
05267.png,8
06255.png,5
04516.png,1
03232.png,8
03766.png,8
05019.png,7
04064.png,7
02154.png,4
01851.png,2
06434.png,8
00191.png,3
03893.png,0
02655.png,3
01861.png,0
03096.png,2
01980.png,6
01533.png,5
04682.png,5
07834.png,9
03839.png,1
06524.png,5
03579.png,7
06025.png,3
03693.png,4
06395.png,5
05993.png,5
00520.png,3
07885.png,7
05248.png,6
00891.png,0
00994.png,7
07020.png,6
00864.png,8
06822.png,2
02934.png,7
07795.png,0
00345.png,8
04183.png,3
01033.png,9
05680.png,7
04908.png,1
00497.png,2
04997.png,9
07139.png,2
06630.png,2
03200.png,4
04226.png,6
00710.png,7
07595.png,9
02888.png,1
01649.png,3
05314.png,8
05171.png,5
06716.png,7
07363.png,2
07870.png,4
05865.png,1
06816.png,8
02629.png,7
03635.png,2
04550.png,4
06617.png,9
03712.png,3
07493.png,2
05026.png,2
00362.png,4
07526.png,4
06443.png,4
01568.png,1
07251.png,5
01330.png,4
01249.png,7
03963.png,7
07230.png,0
05460.png,0
03097.png,6
06468.png,0
05282.png,8
00346.png,7
02836.png,5
03811.png,8
04012.png,7
06063.png,0
01143.png,8
06658.png,2
04049.png,3
01937.png,7
07261.png,4
03998.png,1
07947.png,8
03209.png,2
04611.png,3
04198.png,7
05119.png,0
06695.png,8
00446.png,7
05463.png,3
04008.png,0
01455.png,1
01226.png,6
03256.png,3
07776.png,0
01946.png,9
07682.png,4
01460.png,2
02708.png,0
01430.png,5
03323.png,4
01971.png,1
02424.png,2
00941.png,0
04704.png,2
06068.png,9
05137.png,7
04099.png,2
04820.png,6
03392.png,9
00234.png,6
02421.png,1
04589.png,8
03412.png,2
03006.png,4
00146.png,3
07308.png,1
04629.png,6
04896.png,2
05409.png,4
03022.png,0
01172.png,7
00901.png,6
06175.png,5
03306.png,1
00284.png,5
01534.png,8
00330.png,2
04118.png,5
05620.png,1
05022.png,1
02006.png,0
00355.png,6
02804.png,5
01552.png,9
06757.png,6
05147.png,6
02172.png,6
00893.png,3
03025.png,8
06215.png,7
03125.png,5
04188.png,2
04127.png,8
03608.png,3
05516.png,3
06309.png,0
06230.png,7
06735.png,5
02370.png,3
06987.png,8
01948.png,3
07472.png,3
01059.png,9
04263.png,3
07591.png,4
01351.png,8
05894.png,1
03703.png,7
07867.png,8
02016.png,9
00444.png,3
00974.png,0
01779.png,4
06660.png,7
01840.png,1
06944.png,7
01148.png,5
00304.png,0
01304.png,1
00150.png,6
07096.png,7
04889.png,0
06412.png,5
02194.png,3
07517.png,3
07763.png,5
01320.png,2
02693.png,6
07297.png,7
04760.png,0
06671.png,9
02600.png,9
02134.png,4
01127.png,7
03685.png,1
03957.png,8
06590.png,8
00528.png,7
00386.png,2
03965.png,4
05391.png,6
01524.png,4
01884.png,5
00479.png,3
06684.png,3
04267.png,2
06969.png,2
03425.png,1
04196.png,5
06714.png,2
01662.png,7
03668.png,6
04385.png,6
03577.png,5
06703.png,8
02937.png,2
05128.png,4
01513.png,3
01639.png,8
06896.png,7
01679.png,5
03630.png,8
02420.png,4
03863.png,2
04734.png,7
05883.png,0
00659.png,5
06841.png,4
06829.png,3
03677.png,0
00611.png,0
02746.png,8
04649.png,9
02814.png,1
02645.png,3
03464.png,2
00565.png,6
03681.png,7
03482.png,1
04224.png,8
04687.png,2
02258.png,2
05769.png,7
05683.png,4
00934.png,3
00198.png,8
05083.png,8
01223.png,4
03451.png,2
05354.png,3
06915.png,2
01644.png,2
05951.png,0
03535.png,6
06488.png,5
00152.png,5
00096.png,1
00808.png,9
01095.png,5
01742.png,4
05447.png,5
06907.png,0
01782.png,4
01972.png,2
00010.png,1
02446.png,4
07044.png,7
02368.png,3
05632.png,9
03623.png,8
04690.png,1
01605.png,1
02232.png,0
02878.png,2
06534.png,4
07558.png,2
06519.png,1
00299.png,7
00824.png,7
00742.png,4
03418.png,2
01622.png,9
06536.png,7
06962.png,8
00816.png,6
04142.png,8
04256.png,1
04665.png,9
03982.png,8
05568.png,4
03894.png,9
05880.png,3
01748.png,1
05189.png,4
01270.png,8
07481.png,2
01053.png,6
07598.png,1
02576.png,4
01635.png,6
04280.png,4
03270.png,8
03241.png,2
02012.png,4
04433.png,1
07983.png,9
00944.png,6
01456.png,6
05612.png,2
03532.png,8
07505.png,8
03194.png,4
05609.png,2
03748.png,2
00392.png,1
05717.png,4
00231.png,6
04586.png,1
01347.png,1
04681.png,6
00292.png,4
04287.png,0
01212.png,9
06669.png,7
06868.png,4
06484.png,6
07997.png,1
04471.png,8
05016.png,4
02403.png,4
02162.png,1
03526.png,4
05164.png,5
00748.png,2
06228.png,3
05502.png,1
02712.png,9
02277.png,1
07842.png,3
00927.png,2
07969.png,8
01092.png,1
07881.png,2
04145.png,1
06715.png,9
03729.png,5
04919.png,9
01215.png,7
06119.png,0
02683.png,9
01417.png,3
01562.png,9
06764.png,6
06089.png,4
05373.png,6
03355.png,7
06225.png,6
01598.png,0
00706.png,4
05630.png,4
04316.png,1
03940.png,8
00240.png,1
06837.png,1
03576.png,7
03622.png,0
00285.png,3
07298.png,8
06279.png,7
00475.png,0
06298.png,9
00005.png,6
05942.png,1
03246.png,5
04655.png,6
05675.png,4
06801.png,5
04683.png,3
06092.png,4
04701.png,2
06001.png,5
01030.png,6
06019.png,2
03073.png,9
00123.png,0
01117.png,7
01599.png,6
03187.png,5
07048.png,0
02239.png,9
04610.png,8
02750.png,7
06677.png,2
06888.png,5
02873.png,4
00038.png,7
01421.png,5
05434.png,8
00189.png,7
05650.png,1
01446.png,9
06287.png,7
06676.png,2
04849.png,7
00922.png,5
03492.png,6
01806.png,5
05230.png,8
04724.png,2
03984.png,4
00065.png,1
04711.png,5
00699.png,8
04222.png,2
04519.png,8
01537.png,3
00609.png,5
01263.png,8
03584.png,4
07634.png,6
05338.png,9
03457.png,1
06267.png,2
07659.png,6
03157.png,3
00846.png,5
04315.png,9
01677.png,8
01772.png,6
04799.png,5
05232.png,4
01332.png,8
03872.png,9
02303.png,6
03052.png,1
07773.png,0
07088.png,2
05113.png,8
00889.png,1
06848.png,2
03498.png,8
07899.png,0
04259.png,6
04999.png,6
02848.png,2
05200.png,8
01624.png,0
01448.png,6
00082.png,8
03359.png,5
01109.png,9
06959.png,2
05994.png,0
04018.png,8
02392.png,3
00677.png,5
06315.png,1
03590.png,6
01715.png,3
05050.png,1
01601.png,4
00391.png,2
04178.png,6
06041.png,7
04540.png,5
03737.png,5
04717.png,9
01650.png,1
02844.png,6
06973.png,2
04818.png,9
03958.png,4
04533.png,1
06354.png,1
02816.png,2
04043.png,2
00932.png,0
05855.png,2
03199.png,5
03587.png,4
04245.png,0
06156.png,4
04998.png,5
07655.png,1
02235.png,1
05996.png,1
07678.png,1
05799.png,9
02109.png,7
04806.png,7
05670.png,7
03706.png,2
04697.png,8
04087.png,4
04200.png,9
05906.png,3
04626.png,8
02943.png,7
06319.png,5
01100.png,5
07934.png,2
03320.png,7
07046.png,0
00139.png,4
06307.png,8
01217.png,8
05135.png,8
04439.png,5
06707.png,5
03244.png,0
02579.png,9
01370.png,5
05256.png,4
01047.png,0
01786.png,7
04892.png,5
07749.png,5
04791.png,1
07350.png,6
05188.png,7
07374.png,0
04864.png,2
02557.png,6
05572.png,4
02954.png,9
03775.png,0
03655.png,7
00679.png,1
03347.png,7
04372.png,5
07383.png,6
01175.png,5
07448.png,8
04148.png,4
00287.png,0
04628.png,8
01797.png,5
02047.png,3
02880.png,5
06409.png,5
07662.png,2
02948.png,5
02159.png,4
01879.png,6
00017.png,0
00376.png,3
06263.png,7
06955.png,4
00496.png,7
03297.png,5
02079.png,4
03651.png,9
01203.png,7
06090.png,9
04918.png,3
00050.png,5
04984.png,8
06760.png,7
01808.png,3
02503.png,9
00832.png,9
01180.png,2
01957.png,6
03754.png,8
07274.png,3
05182.png,7
04182.png,9
02739.png,7
06817.png,9
03434.png,7
00541.png,7
00792.png,8
04898.png,6
06069.png,2
05000.png,7
03506.png,0
01329.png,0
05673.png,6
05468.png,3
06405.png,1
07115.png,7
02949.png,4
07723.png,6
03537.png,9
05740.png,2
07288.png,6
07816.png,0
05445.png,2
07744.png,1
04993.png,1
06450.png,4
05957.png,1
03565.png,5
04607.png,7
00135.png,4
00294.png,0
02384.png,0
02597.png,7
01504.png,2
04496.png,9
02173.png,9
00200.png,0
03755.png,7
06996.png,3
00264.png,7
06473.png,6
07532.png,7
05364.png,2
07160.png,9
04638.png,9
00614.png,6
02032.png,4
02425.png,5
03051.png,3
00725.png,8
07231.png,8
03637.png,4
06166.png,4
01470.png,2
01673.png,0
05583.png,6
07320.png,0
05104.png,2
04265.png,4
04495.png,6
01902.png,7
02133.png,6
04373.png,0
04940.png,8
05324.png,2
06820.png,7
02060.png,3
03511.png,1
03422.png,9
02398.png,0
03316.png,6
01600.png,1
04153.png,3
02756.png,1
04215.png,9
05657.png,5
06902.png,5
05505.png,6
07162.png,0
00384.png,4
07347.png,4
05145.png,1
07477.png,4
00203.png,5
05075.png,4
05818.png,1
05067.png,4
01093.png,0
06722.png,1
07652.png,4
00767.png,7
00517.png,4
05389.png,6
03082.png,5
01002.png,6
00801.png,4
04488.png,8
02447.png,8
05820.png,3
05485.png,2
00257.png,2
01385.png,3
03912.png,7
00870.png,9
06157.png,5
01069.png,1
01402.png,2
03089.png,0
02416.png,5
02376.png,9
02988.png,4
04105.png,7
02131.png,9
06720.png,6
01680.png,2
05617.png,8
03488.png,5
06984.png,2
04932.png,2
01475.png,2
02126.png,3
00104.png,1
00680.png,4
07893.png,3
05783.png,2
06693.png,1
05492.png,2
01350.png,1
07181.png,3
00813.png,7
01927.png,5
02852.png,7
01141.png,6
04412.png,2
03460.png,3
00451.png,8
00504.png,6
02248.png,9
06382.png,2
03784.png,2
00305.png,3
07701.png,2
01009.png,1
00174.png,0
02302.png,0
03083.png,0
07362.png,4
00681.png,5
01631.png,9
00421.png,7
00720.png,6
00753.png,9
03810.png,3
02975.png,5
01076.png,2
06447.png,7
05115.png,5
06112.png,4
06165.png,2
04536.png,1
01285.png,4
06400.png,1
03144.png,5
07919.png,3
00980.png,2
05478.png,9
03819.png,2
07745.png,5
02650.png,7
00843.png,9
03331.png,6
03289.png,3
01905.png,1
01778.png,5
00001.png,5
04951.png,4
04700.png,5
03196.png,4
02993.png,7
03377.png,7
06389.png,5
06672.png,6
05049.png,7
04187.png,1
02482.png,1
02081.png,2
01438.png,1
04604.png,1
00302.png,0
07387.png,5
04523.png,0
07035.png,7
07551.png,4
03018.png,4
04733.png,6
00873.png,7
07729.png,2
00688.png,8
05156.png,1
04647.png,0
04243.png,6
06721.png,0
03570.png,0
02838.png,3
04905.png,2
00970.png,2
02094.png,9
01612.png,6
00107.png,9
03161.png,6
01171.png,9
06104.png,0
04720.png,0
06060.png,8
01803.png,1
02253.png,1
07577.png,2
04400.png,0
03277.png,0
02773.png,6
05337.png,0
00881.png,6
06475.png,8
05842.png,2
04694.png,9
01519.png,8
00612.png,4
07396.png,7
01361.png,9
03964.png,7
00595.png,5
05501.png,1
06970.png,0
03003.png,7
00780.png,0
03675.png,6
04172.png,1
01313.png,6
01334.png,8
07765.png,3
02504.png,9
04764.png,9
00322.png,5
01078.png,9
05412.png,2
03426.png,2
02471.png,5
00630.png,5
00646.png,4
00700.png,2
03809.png,5
02042.png,8
05706.png,4
07209.png,7
02193.png,9
00209.png,2
03820.png,2
00442.png,2
00884.png,6
02290.png,0
02414.png,2
05614.png,6
07041.png,8
06141.png,2
03417.png,2
04613.png,5
06232.png,9
06937.png,3
02352.png,4
00836.png,8
07932.png,6
01531.png,0
06498.png,2
00746.png,6
00175.png,8
03428.png,8
00021.png,1
01995.png,7
00709.png,2
05133.png,8
05661.png,5
05017.png,2
01548.png,4
03969.png,0
06920.png,1
02218.png,3
06098.png,9
00953.png,3
00012.png,8
07216.png,4
07843.png,8
02013.png,5
05703.png,8
01174.png,0
05197.png,5
04457.png,8
07921.png,5
03855.png,5
07478.png,5
04757.png,4
05206.png,5
07721.png,6
00869.png,7
01711.png,1
04136.png,4
07240.png,1
02652.png,7
02543.png,3
00684.png,4
02626.png,4
01542.png,5
07774.png,9
00885.png,9
07568.png,6
01378.png,0
06101.png,2
05093.png,6
04826.png,2
00530.png,3
04670.png,7
02003.png,1
06042.png,8
04537.png,5
07053.png,4
03321.png,2
04482.png,1
02811.png,9
05296.png,0
06982.png,6
03836.png,6
03510.png,8
06832.png,3
05289.png,6
06046.png,2
06005.png,1
00536.png,5
07318.png,0
07349.png,1
01924.png,4
01617.png,9
05205.png,6
07671.png,0
07407.png,7
01375.png,2
05751.png,0
02946.png,2
02982.png,2
00621.png,9
00675.png,8
06204.png,0
02685.png,4
06207.png,9
03792.png,1
05762.png,8
05002.png,9
03313.png,1
01005.png,6
04944.png,9
04731.png,5
03900.png,4
03642.png,6
03652.png,0
01790.png,9
05423.png,7
07530.png,6
00418.png,3
03094.png,4
00522.png,7
07616.png,7
07081.png,2
04383.png,9
04867.png,9
00950.png,8
02541.png,9
03568.png,5
06252.png,9
01525.png,2
01634.png,2
06710.png,9
03300.png,9
07305.png,5
05074.png,4
03553.png,0
06317.png,4
03211.png,5
06645.png,0
07539.png,2
01104.png,8
00494.png,1
00572.png,5
00275.png,8
05422.png,5
03105.png,3
03741.png,4
03366.png,3
02669.png,0
06099.png,5
05595.png,0
00592.png,9
03783.png,0
01367.png,1
07479.png,0
07068.png,0
05123.png,6
06691.png,1
05663.png,3
03585.png,5
06073.png,4
02662.png,8
05798.png,6
06424.png,0
02465.png,3
03955.png,9
05990.png,5
04832.png,0
02992.png,9
07814.png,7
03891.png,9
01388.png,4
00378.png,5
01406.png,0
06971.png,0
03155.png,7
06852.png,4
02161.png,3
06290.png,3
07077.png,5
03361.png,0
03596.png,0
00736.png,1
03303.png,4
03071.png,7
06565.png,1
00625.png,6
02928.png,4
07015.png,4
06625.png,4
01136.png,3
04514.png,5
06026.png,0
01159.png,1
02479.png,8
03038.png,5
00861.png,6
00973.png,3
02316.png,8
06216.png,0
02340.png,8
01827.png,4
02412.png,4
00317.png,3
06711.png,6
01812.png,3
00464.png,9
04371.png,6
05212.png,5
04366.png,1
00650.png,6
02454.png,7
04722.png,5
07692.png,2
07290.png,9
06222.png,5
07136.png,5
03172.png,2
00899.png,4
06235.png,7
07379.png,8
06877.png,3
02281.png,2
02932.png,4
06321.png,2
01048.png,6
02720.png,1
04456.png,6
01037.png,7
02236.png,4
00395.png,6
05263.png,4
01510.png,4
06810.png,1
03561.png,9
00834.png,5
04124.png,4
07818.png,4
03711.png,7
01244.png,8
00076.png,9
01363.png,6
01006.png,8
03444.png,1
06875.png,7
07459.png,1
07314.png,2
03215.png,4
05521.png,0
03304.png,4
05459.png,7
05471.png,4
03665.png,9
07381.png,2
01065.png,7
07099.png,8
04823.png,2
06991.png,3
06738.png,9
03704.png,7
06552.png,7
00726.png,0
03462.png,0
06380.png,2
06963.png,4
04587.png,6
04508.png,0
05184.png,8
05678.png,3
06895.png,4
02861.png,5
02506.png,5
06022.png,2
04641.png,9
04227.png,3
01620.png,4
03574.png,6
01386.png,2
02539.png,9
06605.png,0
06977.png,7
03240.png,9
03854.png,2
01541.png,9
01698.png,2
00344.png,2
05624.png,5
05443.png,0
04088.png,6
07366.png,6
05179.png,6
07121.png,8
03178.png,3
07213.png,6
03978.png,6
04301.png,3
04831.png,0
07389.png,7
01587.png,9
07500.png,4
03395.png,2
07603.png,6
04782.png,7
02973.png,4
01994.png,8
04006.png,6
02211.png,8
02043.png,8
00060.png,0
03130.png,5
01269.png,7
06297.png,9
05235.png,1
02385.png,0
00061.png,6
04545.png,6
06702.png,1
05307.png,4
02254.png,0
03534.png,9
07815.png,2
06938.png,8
07640.png,8
03201.png,2
01400.png,3
03217.png,3
00054.png,3
01318.png,0
05491.png,4
04650.png,0
07538.png,2
04698.png,1
06646.png,4
03191.png,2
02900.png,4
03967.png,0
06463.png,8
03593.png,2
04347.png,2
00896.png,4
05054.png,7
05429.png,0
00687.png,6
03618.png,7
01567.png,9
03315.png,1
04785.png,8
05937.png,5
03519.png,7
04794.png,7
07003.png,3
05979.png,2
05245.png,1
05048.png,2
07009.png,4
02391.png,9
05087.png,2
00859.png,2
01046.png,7
03877.png,2
05970.png,5
00000.png,4
06210.png,3
06303.png,2
04190.png,6
05272.png,1
06419.png,9
07356.png,1
04934.png,7
07895.png,4
01943.png,3
05816.png,3
07002.png,4
07091.png,0
06528.png,4
07962.png,5
00087.png,5
04151.png,0
01781.png,3
07504.png,5
02065.png,2
06452.png,0
02305.png,1
06393.png,6
00913.png,3
01507.png,0
00007.png,7
01085.png,7
01214.png,4
04807.png,4
00320.png,3
01412.png,2
06181.png,9
04585.png,2
02617.png,9
06814.png,6
04658.png,5
05011.png,6
04348.png,4
04024.png,0
05879.png,8
00187.png,4
01695.png,4
06246.png,6
02690.png,2
06436.png,3
04851.png,2
02803.png,5
00734.png,6
02490.png,1
04290.png,6
02221.png,7
01970.png,3
04218.png,6
00906.png,2
04160.png,7
02099.png,9
06199.png,2
03399.png,4
05107.png,3
01939.png,5
06353.png,7
06071.png,9
06588.png,5
01268.png,1
07714.png,2
07666.png,8
05476.png,9
04786.png,1
06990.png,7
02282.png,3
03406.png,6
01846.png,7
01942.png,9
05398.png,0
02246.png,6
02535.png,4
02926.png,7
00796.png,0
01169.png,7
04493.png,5
01252.png,9
01315.png,7
04876.png,6
05848.png,9
03010.png,7
05118.png,5
03698.png,9
04680.png,3
03834.png,2
03254.png,6
06586.png,8
02587.png,8
00472.png,5
02435.png,5
02807.png,1
03968.png,6
02608.png,5
01495.png,7
06584.png,1
00219.png,3
00246.png,5
05814.png,1
01262.png,5
05697.png,8
05732.png,0
03342.png,7
03977.png,1
06428.png,8
06867.png,4
00560.png,5
06573.png,8
01934.png,8
04037.png,5
07418.png,3
03384.png,8
02369.png,5
07823.png,8
04661.png,5
06083.png,4
01071.png,5
04096.png,3
04266.png,6
03338.png,4
03601.png,8
03213.png,7
05545.png,7
03571.png,5
06884.png,3
06862.png,4
03720.png,0
01774.png,0
05682.png,8
06386.png,1
01004.png,5
05793.png,0
05088.png,5
02994.png,4
04365.png,9
07125.png,5
06529.png,1
00379.png,2
00800.png,0
00837.png,2
07677.png,9
00773.png,7
06376.png,8
06244.png,0
00457.png,3
06461.png,3
03800.png,4
05647.png,8
07871.png,2
04323.png,7
07612.png,3
06454.png,8
04095.png,8
02809.png,2
02169.png,2
05100.png,8
02041.png,8
07696.png,8
01333.png,0
00982.png,8
02265.png,2
04015.png,2
06515.png,5
05096.png,1
05199.png,4
05622.png,2
00074.png,7
01150.png,5
07232.png,5
04627.png,1
06680.png,6
04771.png,1
04971.png,1
07436.png,4
07836.png,8
03527.png,6
06093.png,8
03145.png,8
04007.png,5
00159.png,2
05662.png,1
01912.png,4
05660.png,6
06641.png,7
01909.png,9
03719.png,8
02380.png,3
06606.png,7
05046.png,9
05486.png,1
04809.png,5
07386.png,6
01485.png,5
00552.png,3
06593.png,9
03575.png,9
06335.png,3
03023.png,5
06338.png,6
06294.png,3
04063.png,7
03218.png,6
06316.png,0
05679.png,1
00624.png,2
07775.png,8
02178.png,7
01753.png,2
01415.png,4
05831.png,8
00193.png,6
05923.png,2
01538.png,4
07202.png,2
07359.png,5
02799.png,9
06994.png,5
02093.png,8
04068.png,6
07369.png,4
01950.png,3
05781.png,3
07475.png,3
07861.png,8
05221.png,7
01239.png,3
07658.png,6
07108.png,0
03319.png,5
07954.png,9
01505.png,5
01097.png,4
06772.png,6
02427.png,0
01819.png,6
04624.png,3
05891.png,2
01133.png,7
03371.png,4
04568.png,5
04636.png,7
06133.png,8
07352.png,0
05580.png,0
02700.png,9
05437.png,5
06934.png,0
04929.png,3
04660.png,6
03619.png,9
05541.png,8
00641.png,1
05322.png,3
00046.png,7
06277.png,0
04513.png,0
05390.png,3
07100.png,5
01516.png,2
00108.png,9
03937.png,0
05225.png,0
00637.png,0
01086.png,1
04289.png,6
01897.png,2
07676.png,4
06589.png,4
05519.png,1
06313.png,8
06819.png,8
06262.png,8
01044.png,3
04286.png,1
04708.png,2
06799.png,9
02028.png,3
04935.png,9
06373.png,9
01354.png,8
03078.png,8
01815.png,6
03322.png,2
00525.png,8
00769.png,2
05269.png,2
01357.png,4
06941.png,4
05866.png,3
02143.png,0
04512.png,1
02176.png,7
02230.png,0
06870.png,5
03551.png,7
07855.png,7
02894.png,3
05474.png,3
02577.png,2
02167.png,1
04603.png,5
02148.png,7
07409.png,3
05618.png,9
07849.png,9
03013.png,8
01709.png,7
07267.png,1
06876.png,5
00693.png,7
07197.png,7
00110.png,6
01826.png,9
07864.png,8
05559.png,7
01898.png,6
03106.png,1
04407.png,8
00357.png,4
05293.png,4
00945.png,8
06983.png,8
04576.png,1
01636.png,5
00805.png,9
00495.png,3
00099.png,1
06337.png,3
03818.png,9
02207.png,8
06688.png,0
07817.png,6
06811.png,3
01553.png,5
01224.png,0
03472.png,4
02871.png,2
01187.png,9
01237.png,8
07371.png,4
00243.png,1
01973.png,9
00439.png,8
06489.png,8
00673.png,2
07996.png,0
03253.png,9
06865.png,8
03925.png,1
03674.png,7
06247.png,4
06323.png,4
01724.png,9
04257.png,4
03770.png,0
03173.png,3
06142.png,5
00992.png,5
01653.png,9
02261.png,4
01809.png,7
06420.png,7
02058.png,2
05204.png,1
05567.png,6
02404.png,3
06444.png,7
03363.png,3
07753.png,7
00670.png,5
05340.png,7
01908.png,0
02568.png,1
02147.png,9
01140.png,6
07033.png,8
05988.png,2
00166.png,2
03143.png,2
02415.png,0
04745.png,9
02950.png,4
07964.png,8
04004.png,5
02860.png,0
06650.png,2
07555.png,5
05956.png,1
00028.png,6
02279.png,4
01657.png,9
00905.png,7
02389.png,4
06930.png,2
07378.png,7
01689.png,0
02433.png,5
05408.png,2
02962.png,7
02038.png,0
05925.png,2
02766.png,4
00336.png,5
00690.png,8
01740.png,7
01290.png,4
05874.png,8
07008.png,4
01184.png,8
04326.png,7
04431.png,0
01341.png,5
07249.png,9
04738.png,5
02842.png,2
04112.png,3
07951.png,1
00247.png,8
02864.png,4
07619.png,5
06198.png,4
01369.png,5
06517.png,7
06231.png,1
01028.png,9
00269.png,3
00350.png,8
07143.png,6
05499.png,3
05226.png,9
05551.png,8
07953.png,3
04003.png,6
02155.png,8
01589.png,7
05467.png,9
05223.png,2
04082.png,2
06682.png,7
01395.png,5
01403.png,8
00042.png,5
01794.png,4
01514.png,0
04836.png,7
05433.png,0
05576.png,4
03767.png,3
01274.png,4
01153.png,3
02845.png,9
00529.png,8
04452.png,5
00940.png,1
03799.png,2
02545.png,1
01146.png,0
04377.png,0
05900.png,3
00608.png,9
05201.png,0
07994.png,8
05560.png,7
02930.png,1
07452.png,3
06614.png,3
01623.png,2
04423.png,7
00377.png,0
02297.png,6
06283.png,9
03860.png,5
07609.png,9
02216.png,7
06662.png,3
01125.png,4
02280.png,8
05385.png,4
02466.png,6
00132.png,7
00214.png,4
07141.png,6
03774.png,9
01801.png,0
01062.png,3
00111.png,3
05072.png,1
05336.png,7
04044.png,5
01712.png,0
04120.png,7
07433.png,1
06587.png,4
05702.png,0
00696.png,1
05095.png,3
00668.png,6
03736.png,2
04989.png,7
03994.png,3
05101.png,8
05841.png,7
01547.png,2
07922.png,6
01575.png,8
04645.png,4
02244.png,1
06269.png,2
03174.png,3
02612.png,0
02759.png,8
07463.png,7
04333.png,1
05936.png,6
04109.png,7
07924.png,9
02453.png,1
07484.png,8
01792.png,8
06597.png,1
07016.png,1
02407.png,7
00946.png,9
01073.png,6
03707.png,1
04248.png,8
01616.png,8
02442.png,9
02898.png,3
07513.png,2
04891.png,2
01626.png,1
02198.png,4
05898.png,5
03718.png,5
02879.png,1
06180.png,6
02588.png,9
05348.png,6
01022.png,9
04210.png,0
03753.png,8
06508.png,9
04719.png,9
07830.png,9
03298.png,9
01802.png,0
05195.png,6
00452.png,2
00930.png,5
01996.png,0
04445.png,5
04509.png,8
02744.png,3
04297.png,3
07145.png,2
06800.png,0
01407.png,3
04464.png,9
00643.png,3
04652.png,8
06560.png,3
02679.png,9
07717.png,5
07431.png,8
04709.png,8
06849.png,0
01559.png,0
01087.png,5
07301.png,2
01875.png,8
05294.png,7
01610.png,5
06362.png,7
00163.png,0
02210.png,6
06149.png,7
02578.png,0
05882.png,3
04835.png,7
05669.png,8
00721.png,3
02468.png,3
00557.png,2
07511.png,6
01488.png,0
06900.png,4
07600.png,2
05723.png,5
05260.png,1
05552.png,7
05999.png,2
00951.png,9
01699.png,2
00804.png,0
02320.png,5
01832.png,5
00626.png,5
07564.png,4
00342.png,5
01151.png,8
06947.png,2
01691.png,0
03259.png,0
03255.png,7
06564.png,4
01676.png,8
05701.png,7
04299.png,5
07873.png,7
05804.png,7
07278.png,7
03862.png,5
03845.png,9
07719.png,1
02476.png,3
04038.png,2
00990.png,4
01730.png,2
05099.png,7
01094.png,1
05477.png,5
01984.png,4
04430.png,8
06595.png,9
02619.png,3
03237.png,9
05439.png,0
03041.png,1
06857.png,8
04268.png,0
04504.png,2
07903.png,0
02112.png,5
07599.png,8
03875.png,3
07275.png,9
04246.png,7
05037.png,3
03867.png,1
01847.png,9
02037.png,5
01967.png,7
00783.png,5
03873.png,6
02180.png,9
01492.png,3
06356.png,2
00991.png,8
07856.png,6
03752.png,3
03002.png,7
00830.png,9
06642.png,7
00029.png,3
00409.png,9
06779.png,6
03614.png,3
05610.png,3
07483.png,0
06568.png,6
06843.png,8
04152.png,7
04324.png,3
03739.png,0
00735.png,1
00256.png,7
02196.png,7
04728.png,9
03050.png,4
01965.png,4
02702.png,5
05829.png,2
05311.png,6
07312.png,5
04061.png,1
00911.png,3
02132.png,1
01414.png,2
07978.png,4
01843.png,4
05819.png,2
07348.png,1
01555.png,1
00806.png,9
01434.png,8
07813.png,2
01070.png,8
04938.png,8
00089.png,3
07384.png,3
02753.png,7
01500.png,6
03019.png,2
05853.png,1
04092.png,7
02082.png,6
03606.png,8
00506.png,2
02647.png,4
05833.png,1
05555.png,6
02366.png,3
06327.png,8
07942.png,9
01287.png,1
05487.png,7
01920.png,6
02046.png,3
06109.png,4
03076.png,0
05700.png,8
02158.png,3
06828.png,6
05987.png,7
06574.png,6
04553.png,2
00623.png,6
05743.png,8
00938.png,1
04016.png,4
02470.png,2
00351.png,4
04608.png,0
04067.png,3
04517.png,5
03919.png,9
05426.png,9
02374.png,9
01232.png,2
01889.png,4
05977.png,9
07801.png,8
02333.png,1
00148.png,2
06172.png,7
02078.png,6
03790.png,5
02386.png,9
04566.png,4
00513.png,6
07424.png,5
02796.png,2
03115.png,8
07821.png,9
03692.png,5
05214.png,7
00068.png,6
05036.png,1
05283.png,3
07580.png,1
05727.png,0
02979.png,0
00492.png,8
05566.png,9
04558.png,0
04244.png,7
07540.png,7
00605.png,1
01822.png,7
03645.png,4
01796.png,0
01418.png,2
04544.png,3
03049.png,7
01260.png,7
02678.png,0
07235.png,1
03368.png,4
03947.png,3
06781.png,6
04886.png,4
02554.png,4
00154.png,6
01982.png,5
04584.png,4
01410.png,4
05308.png,3
02189.png,5
05288.png,2
00298.png,8
01368.png,4
05949.png,8
04848.png,9
04815.png,3
00403.png,9
01997.png,3
03663.png,5
06118.png,9
02152.png,2
06767.png,7
00514.png,0
03915.png,6
03560.png,4
02213.png,9
02063.png,7
05844.png,5
00217.png,9
03639.png,3
07644.png,2
03147.png,6
07257.png,8
06123.png,0
03572.png,9
05627.png,9
02797.png,8
04083.png,3
01959.png,3
00996.png,4
05238.png,6
06673.png,6
04176.png,1
05635.png,2
05715.png,1
06808.png,9
04967.png,0
01409.png,8
01732.png,1
04054.png,4
03882.png,6
03627.png,9
04045.png,5
05436.png,6
06361.png,3
05111.png,7
02501.png,1
05646.png,4
05158.png,7
06130.png,4
03610.png,3
00204.png,9
00809.png,3
07344.png,9
00618.png,5
00137.png,3
07490.png,2
06256.png,0
03423.png,5
05470.png,8
06890.png,9
02275.png,4
07798.png,1
02222.png,7
01431.png,5
01595.png,2
07293.png,0
03938.png,7
07195.png,9
06431.png,1
04295.png,4
00717.png,7
06059.png,5
02304.png,1
00845.png,7
02728.png,9
07023.png,9
07425.png,3
00835.png,5
04755.png,6
07304.png,1
06778.png,7
07740.png,6
07918.png,6
01916.png,7
01247.png,3
07094.png,9
05059.png,9
06236.png,2
04975.png,2
07205.png,1
06758.png,3
05406.png,0
06638.png,0
02495.png,5
00181.png,0
06950.png,7
06499.png,8
07176.png,4
05565.png,4
07058.png,2
02288.png,4
04948.png,7
05167.png,5
04465.png,0
00918.png,0
04790.png,1
07222.png,4
07342.png,1
02972.png,9
04614.png,3
02201.png,6
02859.png,5
03731.png,8
01727.png,7
03545.png,2
02157.png,4
06708.png,0
03985.png,1
04106.png,6
04579.png,9
05790.png,7
02306.png,3
05795.png,9
05159.png,1
07588.png,8
07497.png,9
03918.png,5
00334.png,9
03954.png,4
07520.png,3
00853.png,1
07190.png,2
07808.png,1
01064.png,4
05654.png,0
06512.png,2
03727.png,0
00907.png,0
02574.png,7
06446.png,0
00220.png,6
03557.png,8
00356.png,5
07583.png,6
05735.png,9
07820.png,0
07391.png,2
00581.png,7
02863.png,2
00206.png,4
00995.png,3
00140.png,7
06741.png,4
06520.png,8
04804.png,4
05010.png,6
00819.png,6
07828.png,8
05276.png,2
05316.png,5
06784.png,4
00469.png,5
03421.png,7
00719.png,0
05003.png,6
00827.png,1
06654.png,6
06049.png,9
02418.png,0
04749.png,8
02684.png,3
00818.png,7
01277.png,6
02559.png,1
00338.png,8
07029.png,6
07476.png,2
02698.png,5
02108.png,5
05909.png,9
00183.png,0
06015.png,0
00293.png,5
07299.png,3
02019.png,4
01903.png,9
05331.png,4
03662.png,8
01652.png,5
03573.png,1
03626.png,5
01952.png,7
03979.png,6
02034.png,3
05607.png,8
03030.png,9
05962.png,1
03162.png,7
01106.png,9
01655.png,3
04547.png,3
00533.png,1
07300.png,3
03140.png,9
00840.png,1
02251.png,4
04174.png,9
01454.png,9
04834.png,2
05081.png,0
06881.png,4
05786.png,9
02913.png,9
01152.png,5
01432.png,9
02139.png,3
07886.png,5
04211.png,4
03072.png,8
02309.png,6
00703.png,9
07291.png,1
06523.png,7
03525.png,8
05788.png,0
03287.png,6
07027.png,9
03717.png,8
05651.png,9
04052.png,4
07948.png,3
03758.png,5
03517.png,7
03924.png,7
04329.png,5
07286.png,0
02604.png,4
01480.png,9
03975.png,9
02105.png,4
07351.png,2
02291.png,5
07123.png,3
01306.png,8
00599.png,4
00194.png,8
01107.png,7
05638.png,7
02300.png,0
03648.png,8
04637.png,8
05860.png,8
05615.png,9
03182.png,5
02153.png,9
07575.png,8
06871.png,0
04116.png,2
01613.png,3
01955.png,1
03121.png,9
01271.png,3
05836.png,3
02350.png,5
06883.png,5
00340.png,1
06697.png,9
04202.png,1
01590.png,0
06122.png,5
01838.png,7
07687.png,4
05473.png,3
01057.png,8
07265.png,8
07852.png,2
01011.png,8
00712.png,4
02463.png,6
00942.png,5
07553.png,5
03132.png,3
05211.png,9
05444.png,7
01472.png,4
07164.png,7
05869.png,7
03310.png,5
01659.png,7
03821.png,1
04747.png,6
03328.png,0
04609.png,1
02270.png,0
02765.png,6
07837.png,9
01118.png,8
03910.png,6
04241.png,0
01892.png,1
03502.png,0
03168.png,5
06289.png,9
05341.png,9
07984.png,9
00127.png,1
04181.png,9
00470.png,4
05549.png,9
02177.png,8
01447.png,9
03888.png,8
05763.png,0
01648.png,1
02725.png,3
06087.png,2
06295.png,3
01377.png,5
00119.png,1
05213.png,3
00478.png,7
04234.png,8
01614.png,9
00655.png,0
03908.png,2
06689.png,0
00387.png,5
01160.png,6
00115.png,0
04942.png,8
01116.png,1
04079.png,8
07332.png,9
06909.png,3
03450.png,7
03086.png,1
07693.png,1
06548.png,4
07866.png,0
04885.png,2
04293.png,2
06058.png,1
01119.png,7
05539.png,6
07554.png,8
03064.png,6
00385.png,3
07992.png,6
03857.png,5
02431.png,5
07302.png,8
05411.png,5
05592.png,7
01324.png,7
05415.png,1
01061.png,3
02510.png,9
03757.png,5
05912.png,7
04927.png,6
05947.png,6
03459.png,8
02768.png,1
02205.png,0
07845.png,7
07734.png,3
02603.png,3
03294.png,7
05393.png,3
07935.png,9
03382.png,6
06786.png,6
02375.png,8
06783.png,9
05983.png,3
03391.png,7
05827.png,9
07146.png,4
07310.png,6
02462.png,9
02936.png,3
04596.png,2
03473.png,7
07941.png,9
01854.png,6
05071.png,4
07618.png,6
05779.png,2
01574.png,2
03528.png,8
03507.png,9
02527.png,5
01929.png,5
07831.png,0
03390.png,1
06474.png,8
00751.png,6
06640.png,9
06079.png,9
03210.png,1
04001.png,9
03722.png,8
03772.png,5
00876.png,1
02256.png,8
02610.png,6
04085.png,5
03930.png,7
06492.png,9
01523.png,7
05628.png,7
03661.png,7
04985.png,7
02825.png,1
06312.png,8
01707.png,1
06330.png,6
02695.png,0
04615.png,5
04093.png,9
05758.png,3
07400.png,6
04746.png,0
06756.png,7
07101.png,7
01932.png,9
07200.png,7
01016.png,1
02039.png,5
06999.png,2
01668.png,2
05291.png,1
07437.png,3
03796.png,9
06846.png,7
06478.png,8
06007.png,2
01161.png,7
03625.png,0
05027.png,7
03878.png,0
04102.png,6
01201.png,1
01975.png,0
02622.png,0
04126.png,0
06773.png,2
03279.png,2
00073.png,4
00728.png,6
07923.png,2
04651.png,2
07680.png,7
05800.png,4
02985.png,3
03887.png,5
06224.png,5
04618.png,4
00487.png,3
06847.png,5
02925.png,0
06370.png,3
04380.png,0
07750.png,5
01206.png,9
03437.png,6
07126.png,8
06253.png,6
06331.png,1
05251.png,5
03403.png,9
06545.png,0
01342.png,2
00103.png,2
05207.png,6
06183.png,0
02806.png,7
07324.png,0
00311.png,2
06776.png,5
05344.png,0
03028.png,9
06932.png,3
01714.png,9
04742.png,1
07450.png,2
06082.png,3
00971.png,0
05789.png,3
04146.png,2
02319.png,5
05380.png,6
03497.png,0
02974.png,7
01233.png,8
07853.png,3
02726.png,4
02723.png,5
07829.png,1
07031.png,7
04663.png,7
07846.png,8
07878.png,4
02635.png,0
01705.png,0
01660.png,1
01629.png,4
00143.png,8
01845.png,1
03407.png,5
04546.png,9
03583.png,3
05103.png,4
03357.png,9
03716.png,8
00862.png,4
03077.png,5
01770.png,0
00697.png,0
05281.png,9
03509.png,5
07163.png,5
05321.png,5
03081.png,6
01497.png,4
03981.png,8
04164.png,1
07119.png,8
01469.png,1
04051.png,9
06931.png,2
00427.png,5
03283.png,8
05707.png,0
00445.png,3
04184.png,6
02499.png,7
00558.png,1
05021.png,9
03556.png,6
07354.png,5
02812.png,3
05210.png,3
00149.png,9
00669.png,9
01168.png,9
03852.png,1
00474.png,4
00867.png,1
07256.png,1
00471.png,9
03649.png,2
04086.png,0
03350.png,1
07417.png,1
05033.png,4
04968.png,0
07533.png,1
01205.png,7
07315.png,5
06121.png,0
03481.png,8
06148.png,7
05964.png,8
05438.png,9
05040.png,3
04840.png,5
06860.png,1
04527.png,7
07170.png,4
04961.png,4
07570.png,4
02234.png,0
04036.png,3
05534.png,4
04839.png,5
02666.png,2
00483.png,4
02547.png,7
04673.png,2
03479.png,1
05542.png,1
07792.png,2
01316.png,7
04317.png,1
01328.png,5
00778.png,6
01638.png,9
05121.png,7
06449.png,2
02915.png,1
04743.png,4
01343.png,6
05506.png,7
01696.png,7
07182.png,7
05183.png,6
02460.png,1
06961.png,6
07515.png,1
06679.png,2
04988.png,0
03885.png,3
07454.png,0
01807.png,8
03042.png,2
04345.png,8
04903.png,0
03816.png,8
06177.png,4
07929.png,8
03394.png,6
04207.png,7
02455.png,5
00879.png,8
07896.png,2
03822.png,7
03695.png,8
06418.png,9
05590.png,5
00128.png,6
06898.png,6
01737.png,0
03295.png,1
07528.png,8
04847.png,3
00998.png,0
07747.png,4
01661.png,2
00437.png,4
05864.png,3
04599.png,7
00018.png,8
06276.png,2
03048.png,3
01528.png,1
04360.png,2
00750.png,5
00636.png,0
02351.png,4
02057.png,5
02395.png,9
03360.png,7
06559.png,7
01645.png,9
04702.png,1
03923.png,3
02053.png,8
06057.png,9
06421.png,4
06124.png,0
02220.png,4
04937.png,6
00097.png,1
05466.png,7
00358.png,1
07264.png,8
06438.png,1
06901.png,3
04080.png,7
00765.png,9
02509.png,5
07110.png,9
01545.png,7
01876.png,1
07641.png,3
01280.png,6
06891.png,0
07703.png,6
01900.png,8
05658.png,3
03959.png,2
03114.png,9
01433.png,5
04247.png,4
07052.png,6
06086.png,3
06911.png,4
06458.png,8
03832.png,5
07322.png,4
03980.png,0
05714.png,2
05877.png,3
00798.png,5
06435.png,5
07451.png,3
00931.png,6
04077.png,3
06712.png,2
05873.png,1
04718.png,4
00507.png,5
07217.png,6
05098.png,8
03480.png,6
00695.png,4
00105.png,3
00917.png,4
03696.png,7
04740.png,7
01839.png,3
07456.png,6
04242.png,5
03669.png,9
06251.png,5
02767.png,4
05653.png,7
02636.png,1
04392.png,9
04854.png,8
07713.png,6
00628.png,6
05594.png,9
06824.png,1
07697.png,6
07872.png,8
03011.png,3
07037.png,8
04426.png,0
07339.png,1
06367.png,0
02165.png,5
05747.png,2
06775.png,7
00682.png,7
07789.png,0
06579.png,5
05375.png,8
02451.png,3
02830.png,7
02364.png,8
04260.png,9
04684.png,1
07102.png,3
02206.png,7
04138.png,4
02440.png,5
05109.png,0
06886.png,9
07672.png,0
01036.png,1
01288.png,7
01566.png,8
06281.png,6
05069.png,5
05112.png,2
03364.png,3
04754.png,5
00610.png,6
01440.png,9
06612.png,5
03841.png,0
01236.png,4
07429.png,1
01502.png,4
06624.png,3
01864.png,7
02730.png,9
04069.png,8
03728.png,4
00308.png,0
02393.png,3
02724.png,6
01305.png,2
00008.png,6
01441.png,8
06494.png,2
01799.png,5
01264.png,2
04801.png,7
07018.png,2
04822.png,4
07519.png,7
04756.png,2
02136.png,2
01693.png,1
07608.png,4
01833.png,2
02562.png,7
01998.png,7
04828.png,0
07596.png,1
07214.png,6
03108.png,1
06812.png,3
01464.png,7
06097.png,9
03413.png,9
07509.png,2
00094.png,0
05295.png,7
02497.png,9
01295.png,0
03901.png,7
06974.png,4
03016.png,5
00429.png,9
04909.png,7
02775.png,4
00273.png,0
00375.png,6
00359.png,2
02026.png,1
05265.png,3
01721.png,9
05846.png,7
01098.png,1
02120.png,8
01289.png,1
02536.png,9
03600.png,2
05526.png,4
06284.png,3
04165.png,5
03945.png,2
03190.png,9
01012.png,4
06417.png,2
05202.png,1
05599.png,5
00895.png,6
07098.png,4
05692.png,6
02884.png,1
00914.png,0
04046.png,5
06685.png,3
03203.png,3
00956.png,3
05602.png,1
05381.png,2
05058.png,2
01294.png,5
01611.png,0
00117.png,1
04539.png,2
00239.png,1
00955.png,6
06652.png,4
06791.png,0
04021.png,8
00085.png,1
04588.png,1
04281.png,1
05023.png,3
00047.png,7
02347.png,7
01355.png,2
06873.png,1
07149.png,6
06727.png,7
00326.png,6
03936.png,9
01853.png,7
01938.png,9
05246.png,0
03666.png,1
05302.png,7
02743.png,6
06751.png,5
06432.png,8
01573.png,3
07004.png,8
02976.png,6
06391.png,7
05742.png,7
04750.png,0
05222.png,6
05525.png,0
06346.png,9
00024.png,2
00702.png,6
02030.png,9
00685.png,9
00044.png,9
02733.png,0
04888.png,3
01165.png,9
05310.png,3
06264.png,4
05191.png,1
01478.png,6
07557.png,6
01251.png,0
04321.png,9
04484.png,0
00567.png,4
00509.png,6
01467.png,6
07250.png,8
06017.png,4
04947.png,6
05857.png,3
03109.png,1
07841.png,8
03156.png,8
00771.png,8
02402.png,5
07642.png,2
02537.png,1
06634.png,1
03117.png,4
07501.png,9
05361.png,4
02951.png,6
05259.png,2
02190.png,2
00160.png,3
03935.png,7
01234.png,6
04648.png,3
02606.png,0
04789.png,7
02317.png,4
02336.png,8
03120.png,6
06788.png,6
05726.png,6
06326.png,5
07800.png,1
00081.png,5
01450.png,6
01436.png,6
05562.png,0
04307.png,6
07602.png,5
05278.png,6
01338.png,8
07411.png,8
02067.png,7
06510.png,2
05397.png,1
01115.png,3
03678.png,4
07237.png,5
07940.png,3
00802.png,0
03470.png,5
00282.png,3
00965.png,9
02102.png,3
06174.png,6
05399.png,4
04703.png,4
07611.png,9
00537.png,4
06085.png,4
07382.png,2
03886.png,8
02066.png,6
06241.png,3
01841.png,0
05724.png,8
07835.png,6
00779.png,3
00692.png,6
01322.png,9
01928.png,8
03239.png,5
06600.png,1
04902.png,7
03941.png,9
03769.png,3
01933.png,7
07822.png,2
01074.png,2
03929.png,8
05907.png,9
04209.png,5
07239.png,4
00976.png,6
02411.png,2
02334.png,7
04355.png,6
01666.png,7
05611.png,5
04707.png,9
04282.png,0
04532.png,2
05792.png,0
05623.png,5
01425.png,6
07667.png,2
06051.png,5
07132.png,8
05636.png,9
05984.png,2
02033.png,6
00686.png,0
04662.png,0
02940.png,2
06384.png,6
06804.png,5
00279.png,8
00313.png,4
04705.png,8
03284.png,2
04524.png,7
04567.png,4
07311.png,5
07805.png,1
04157.png,9
02528.png,4
07606.png,0
06144.png,4
01366.png,0
00048.png,1
05824.png,2
06006.png,2
00760.png,8
05699.png,4
07643.png,1
01079.png,2
00838.png,9
06940.png,9
01512.png,6
05808.png,9
00144.png,5
06945.png,1
04081.png,4
00372.png,9
01323.png,8
03204.png,7
07627.png,8
02931.png,9
02551.png,0
02833.png,4
02801.png,8
05955.png,7
07271.png,2
05457.png,4
06028.png,8
02866.png,2
06949.png,8
03983.png,4
06392.png,9
02922.png,0
07224.png,4
03166.png,9
01029.png,4
03393.png,1
03682.png,2
01750.png,7
03514.png,8
05931.png,1
07412.png,2
04039.png,4
00101.png,2
07228.png,0
00975.png,6
00653.png,2
00361.png,7
05482.png,0
06616.png,8
05997.png,7
00908.png,5
00412.png,3
03348.png,8
04972.png,8
00157.png,6
07080.png,3
02659.png,8
04575.png,9
05768.png,5
04592.png,1
03292.png,4
00516.png,8
03760.png,5
05394.png,5
07106.png,3
04949.png,1
01577.png,8
04084.png,5
06132.png,8
02540.png,5
02856.png,4
02630.png,1
02960.png,9
07736.png,6
00540.png,9
02912.png,4
03058.png,3
01099.png,6
02918.png,2
01869.png,1
04283.png,4
01508.png,8
06480.png,7
04363.png,9
04381.png,2
04483.png,2
03339.png,9
06176.png,1
05704.png,4
04671.png,0
05570.png,1
03634.png,8
02713.png,0
03045.png,9
